Year,Recipient_Code,Source_Code, Disbursement ,,,,,,CFLI
2017,AF ,1020," 1,027,370.52 ",,,,,,
2017,BD ,1020," 90,260.14 ",,,,,,
2017,BF ,1020," 262,509.88 ",,,,,,
2017,BI ,1020," 411,127.80 ",,,,,,
2017,BJ ,1020," 125,487.89 ",,,,,,
2017,BO ,1020," 4,289.35 ",,,,,,
2017,BT ,1020," 1,833.73 ",,,,,,
2017,CD ,1020," 615,793.89 ",,,,,,
2017,CF ,1020," 382,481.55 ",,,,,,
2017,CG ,1020," 64,584.87 ",,,,,,
2017,CI ,1020," 49,881.61 ",,,,,,
2017,CM ,1020," 395,128.45 ",,,,,,
2017,CO ,1020," 16,361.90 ",,,,,,
2017,DJ ,1020," 79,409.60 ",,,,,,
2017,EC ,1020," 107,598.58 ",,,,,,
2017,EG ,1020," 138,848.74 ",,,,,,
2017,ET ,1020," 1,322,816.59 ",,,,,,
2017,GH ,1020," 19,203.86 ",,,,,,
2017,GM ,1020, 35.10 ,,,,,,
2017,GN ,1020," 23,334.61 ",,,,,,
2017,GT ,1020," 269,170.77 ",,,,,,
2017,GW ,1020," 50,478.40 ",,,,,,
2017,HN ,1020," 351,167.69 ",,,,,,
2017,HT ,1020," 611,710.02 ",,,,,,
2017,ID ,1020," 14,074.30 ",,,,,,
2017,IQ ,1020," 916,712.07 ",,,,,,
2017,IR ,1020," 44,375.30 ",,,,,,
2017,JO ,1020," 407,882.11 ",,,,,,
2017,KE ,1020," 471,729.47 ",,,,,,
2017,KH ,1020," 302,853.88 ",,,,,,
2017,KP ,1020," 192,563.65 ",,,,,,
2017,LA ,1020," 96,365.43 ",,,,,,
2017,LB ,1020," 208,001.00 ",,,,,,
2017,LK ,1020," 22,662.51 ",,,,,,
2017,LR ,1020," 86,192.60 ",,,,,,
2017,LS ,1020," 45,271.65 ",,,,,,
2017,LY ,1020," 531,962.10 ",,,,,,
2017,MG ,1020," 287,179.44 ",,,,,,
2017,ML ,1020," 119,198.24 ",,,,,,
2017,MM ,1020," 98,382.46 ",,,,,,
2017,MR ,1020," 424,062.17 ",,,,,,
2017,MW ,1020," 1,027,980.06 ",,,,,,
2017,MZ ,1020," 429,770.80 ",,,,,,
2017,NE ,1020," 872,325.56 ",,,,,,
2017,NG ,1020," 113,165.26 ",,,,,,
2017,NI ,1020," 44,143.98 ",,,,,,
2017,NP ,1020," 134,975.79 ",,,,,,
2017,PA ,1020," 51,123.44 ",,,,,,
2017,PH ,1020," 80,092.50 ",,,,,,
2017,PK ,1020," 166,257.47 ",,,,,,
2017,PS ,1020," 25,764.89 ",,,,,,
2017,R90,1020," 2,207,848.85 ",,,,,,
2017,RW ,1020," 111,879.64 ",,,,,,
2017,SL ,1020," 4,060.72 ",,,,,,
2017,SN ,1020," 76,799.11 ",,,,,,
2017,SO ,1020," 1,462,925.51 ",,,,,,
2017,SS ,1020," 1,348,358.77 ",,,,,,
2017,ST ,1020," 7,520.02 ",,,,,,
2017,SV ,1020," 43,117.46 ",,,,,,
2017,SY ,1020," 917,952.35 ",,,,,,
2017,SZ ,1020," 26,699.67 ",,,,,,
2017,TD ,1020," 220,464.84 ",,,,,,
2017,TH ,1020," 40,129.98 ",,,,,,
2017,TJ ,1020," 30,104.61 ",,,,,,
2017,TL ,1020," 3,088.48 ",,,,,,
2017,TR ,1020," 120,468.67 ",,,,,,
2017,TZ ,1020," 175,812.89 ",,,,,,
2017,UA ,1020," 709,435.58 ",,,,,,
2017,UG ,1020," 542,208.22 ",,,,,,
2017,YE ,1020," 1,953,874.69 ",,,,,,
2017,ZA ,1020," 29,001.40 ",,,,,,
2017,ZM ,1020," 67,100.62 ",,,,,,
2017,ZW ,1020," 1,265,194.28 ",,,,,,
2017,AF ,1021," 860,336.17 ",,,,,,
2017,AG ,1021," 6,472.43 ",,,,,,
2017,AL ,1021," 43,196.87 ",,,,,,
2017,AM ,1021," 63,479.87 ",,,,,,
2017,AO ,1021," 293,700.43 ",,,,,,
2017,AR ,1021," 58,846.05 ",,,,,,
2017,AZ ,1021," 46,898.28 ",,,,,,
2017,BA ,1021," 44,565.09 ",,,,,,
2017,BD ,1021," 1,032,931.26 ",,,,,,
2017,BF ,1021," 564,674.41 ",,,,,,
2017,BI ,1021," 872,217.37 ",,,,,,
2017,BJ ,1021," 406,660.20 ",,,,,,
2017,BO ,1021," 87,818.29 ",,,,,,
2017,BR ,1021," 19,284.95 ",,,,,,
2017,BT ,1021," 89,527.24 ",,,,,,
2017,BW ,1021," 51,175.55 ",,,,,,
2017,BY ,1021," 49,466.61 ",,,,,,
2017,BZ ,1021," 26,406.39 ",,,,,,
2017,CD ,1021," 1,436,623.66 ",,,,,,
2017,CF ,1021," 599,854.66 ",,,,,,
2017,CG ,1021," 139,309.35 ",,,,,,
2017,CI ,1021," 340,777.70 ",,,,,,
2017,CK ,1021," 5,214.36 ",,,,,,
2017,CL ,1021," 33,822.71 ",,,,,,
2017,CM ,1021," 195,536.01 ",,,,,,
2017,CN ,1021," 213,587.56 ",,,,,,
2017,CO ,1021," 58,332.91 ",,,,,,
2017,CR ,1021," 44,196.78 ",,,,,,
2017,CU ,1021," 46,061.56 ",,,,,,
2017,CV ,1021," 55,756.40 ",,,,,,
2017,DJ ,1021," 87,311.54 ",,,,,,
2017,DM ,1021," 14,617.15 ",,,,,,
2017,DO ,1021," 39,408.19 ",,,,,,
2017,DZ ,1021," 41,143.57 ",,,,,,
2017,EC ,1021," 108,113.58 ",,,,,,
2017,EG ,1021," 66,709.50 ",,,,,,
2017,ER ,1021," 577,553.57 ",,,,,,
2017,ET ,1021," 1,131,275.98 ",,,,,,
2017,FJ ,1021," 242,197.65 ",,,,,,
2017,GA ,1021," 41,623.95 ",,,,,,
2017,GD ,1021," 8,132.42 ",,,,,,
2017,GE ,1021," 60,952.79 ",,,,,,
2017,GH ,1021," 478,715.27 ",,,,,,
2017,GM ,1021," 339,937.36 ",,,,,,
2017,GN ,1021," 593,246.78 ",,,,,,
2017,GQ ,1021," 35,663.78 ",,,,,,
2017,GT ,1021," 44,122.42 ",,,,,,
2017,GW ,1021," 267,443.34 ",,,,,,
2017,GY ,1021," 55,925.10 ",,,,,,
2017,HN ,1021," 72,958.12 ",,,,,,
2017,HT ,1021," 413,870.62 ",,,,,,
2017,ID ,1021," 129,139.11 ",,,,,,
2017,IN ,1021," 636,503.50 ",,,,,,
2017,IQ ,1021," 121,423.37 ",,,,,,
2017,IR ,1021," 35,582.68 ",,,,,,
2017,JM ,1021," 48,605.41 ",,,,,,
2017,JO ,1021," 46,580.76 ",,,,,,
2017,KE ,1021," 519,490.52 ",,,,,,
2017,KG ,1021," 205,280.29 ",,,,,,
2017,KH ,1021," 302,599.94 ",,,,,,
2017,KM ,1021," 120,994.40 ",,,,,,
2017,KP ,1021," 312,233.80 ",,,,,,
2017,KV ,1021," 40,676.90 ",,,,,,
2017,KZ ,1021," 28,771.70 ",,,,,,
2017,LA ,1021," 264,317.08 ",,,,,,
2017,LB ,1021," 16,552.61 ",,,,,,
2017,LC ,1021," 9,370.52 ",,,,,,
2017,LK ,1021," 72,391.23 ",,,,,,
2017,LR ,1021," 1,034,314.75 ",,,,,,
2017,LS ,1021," 122,620.18 ",,,,,,
2017,LY ,1021," 24,544.11 ",,,,,,
2017,MA ,1021," 58,398.63 ",,,,,,
2017,MD ,1021," 60,601.30 ",,,,,,
2017,ME ,1021," 36,719.42 ",,,,,,
2017,MG ,1021," 918,880.39 ",,,,,,
2017,MK ,1021," 59,538.51 ",,,,,,
2017,ML ,1021," 549,511.64 ",,,,,,
2017,MM ,1021," 880,109.25 ",,,,,,
2017,MN ,1021," 60,758.08 ",,,,,,
2017,MR ,1021," 191,113.58 ",,,,,,
2017,MS ,1021," 7,474.95 ",,,,,,
2017,MU ,1021," 62,856.62 ",,,,,,
2017,MV ,1021," 50,872.57 ",,,,,,
2017,MW ,1021," 813,584.92 ",,,,,,
2017,MX ,1021," 19,284.95 ",,,,,,
2017,MY ,1021," 33,288.71 ",,,,,,
2017,MZ ,1021," 700,436.99 ",,,,,,
2017,NA ,1021," 58,478.15 ",,,,,,
2017,NE ,1021," 805,540.88 ",,,,,,
2017,NG ,1021," 1,011,218.56 ",,,,,,
2017,NI ,1021," 5,975.00 ",,,,,,
2017,NP ,1021," 669,615.78 ",,,,,,
2017,NU ,1021," 5,240.63 ",,,,,,
2017,PA ,1021," 18,882.78 ",,,,,,
2017,PE ,1021," 70,598.40 ",,,,,,
2017,PG ,1021," 128,292.17 ",,,,,,
2017,PH ,1021," 143,300.26 ",,,,,,
2017,PK ,1021," 569,197.16 ",,,,,,
2017,PS ,1021," 188,084.57 ",,,,,,
2017,PY ,1021," 67,102.58 ",,,,,,
2017,R10,1021," 721,491.55 ",,,,,,
2017,R12,1021," 273,173.21 ",,,,,,
2017,R20,1021," 171,354.74 ",,,,,,
2017,R21,1021, 63.61 ,,,,,,
2017,R30,1021," 440,134.43 ",,,,,,
2017,R31,1021," 218,906.97 ",,,,,,
2017,R35,1021, 370.42 ,,,,,,
2017,R40,1021," 251,236.74 ",,,,,,
2017,R90,1021," 4,388,213.72 ",,,,,,
2017,RS ,1021," 64,205.98 ",,,,,,
2017,RW ,1021," 653,084.19 ",,,,,,
2017,SB ,1021," 84,065.47 ",,,,,,
2017,SC ,1021," 8,898.95 ",,,,,,
2017,SD ,1021," 307,024.79 ",,,,,,
2017,SL ,1021," 545,412.09 ",,,,,,
2017,SN ,1021," 293,669.25 ",,,,,,
2017,SO ,1021," 884,189.05 ",,,,,,
2017,SR ,1021," 17,968.73 ",,,,,,
2017,SS ,1021," 196,536.60 ",,,,,,
2017,ST ,1021," 55,875.67 ",,,,,,
2017,SV ,1021," 47,171.39 ",,,,,,
2017,SY ,1021," 47,103.76 ",,,,,,
2017,SZ ,1021," 79,587.16 ",,,,,,
2017,TD ,1021," 373,902.59 ",,,,,,
2017,TG ,1021," 489,781.53 ",,,,,,
2017,TH ,1021," 85,272.64 ",,,,,,
2017,TJ ,1021," 305,389.05 ",,,,,,
2017,TK ,1021," 7,551.59 ",,,,,,
2017,TL ,1021," 119,396.13 ",,,,,,
2017,TM ,1021," 54,101.39 ",,,,,,
2017,TN ,1021," 47,956.78 ",,,,,,
2017,TR ,1021," 46,561.77 ",,,,,,
2017,TZ ,1021," 756,964.96 ",,,,,,
2017,UA ,1021," 61,322.00 ",,,,,,
2017,UG ,1021," 746,289.48 ",,,,,,
2017,UY ,1021," 19,368.93 ",,,,,,
2017,UZ ,1021," 221,634.77 ",,,,,,
2017,VC ,1021," 7,493.21 ",,,,,,
2017,VE ,1021," 28,629.34 ",,,,,,
2017,VN ,1021," 484,122.47 ",,,,,,
2017,WS ,1021," 73,039.71 ",,,,,,
2017,YE ,1021," 308,388.32 ",,,,,,
2017,ZA ,1021," 82,775.88 ",,,,,,
2017,ZM ,1021," 397,126.09 ",,,,,,
2017,ZW ,1021," 688,588.78 ",,,,,,
2017,AF ,1024," 497,549.34 ",,,,,,
2017,AL ,1024," 11,517.13 ",,,,,,
2017,AM ,1024," 10,999.15 ",,,,,,
2017,AO ,1024," 103,645.60 ",,,,,,
2017,AR ,1024," 9,553.13 ",,,,,,
2017,AZ ,1024," 7,900.13 ",,,,,,
2017,BA ,1024," 9,502.40 ",,,,,,
2017,BD ,1024," 248,957.57 ",,,,,,
2017,BF ,1024," 159,783.95 ",,,,,,
2017,BI ,1024," 124,565.97 ",,,,,,
2017,BJ ,1024," 76,009.72 ",,,,,,
2017,BO ,1024," 24,091.73 ",,,,,,
2017,BR ,1024," 29,574.53 ",,,,,,
2017,BT ,1024," 11,344.06 ",,,,,,
2017,BW ,1024," 10,348.79 ",,,,,,
2017,BY ,1024," 9,758.22 ",,,,,,
2017,BZ ,1024," 13,190.90 ",,,,,,
2017,CD ,1024," 763,877.48 ",,,,,,
2017,CF ,1024," 78,905.65 ",,,,,,
2017,CG ,1024," 24,104.17 ",,,,,,
2017,CI ,1024," 134,009.40 ",,,,,,
2017,CL ,1024," 10,689.50 ",,,,,,
2017,CM ,1024," 129,495.24 ",,,,,,
2017,CN ,1024," 79,221.85 ",,,,,,
2017,CO ,1024," 12,229.19 ",,,,,,
2017,CR ,1024," 7,721.72 ",,,,,,
2017,CU ,1024," 12,399.39 ",,,,,,
2017,CV ,1024," 13,599.17 ",,,,,,
2017,DJ ,1024," 12,177.03 ",,,,,,
2017,DO ,1024," 15,062.37 ",,,,,,
2017,DZ ,1024," 12,196.32 ",,,,,,
2017,EC ,1024," 23,408.39 ",,,,,,
2017,EG ,1024," 32,666.63 ",,,,,,
2017,ER ,1024," 31,683.80 ",,,,,,
2017,ET ,1024," 437,585.02 ",,,,,,
2017,FJ ,1024, 31.87 ,,,,,,
2017,GA ,1024," 10,045.13 ",,,,,,
2017,GE ,1024," 11,308.86 ",,,,,,
2017,GH ,1024," 95,276.48 ",,,,,,
2017,GM ,1024," 19,034.47 ",,,,,,
2017,GN ,1024," 116,395.57 ",,,,,,
2017,GQ ,1024," 13,447.45 ",,,,,,
2017,GT ,1024," 14,362.52 ",,,,,,
2017,GW ,1024," 37,271.41 ",,,,,,
2017,GY ,1024," 25,306.81 ",,,,,,
2017,HN ,1024," 15,231.79 ",,,,,,
2017,HT ,1024," 55,929.77 ",,,,,,
2017,ID ,1024," 55,170.29 ",,,,,,
2017,IN ,1024," 661,044.16 ",,,,,,
2017,IQ ,1024," 32,395.18 ",,,,,,
2017,IR ,1024," 21,058.42 ",,,,,,
2017,JM ,1024," 9,920.52 ",,,,,,
2017,JO ,1024," 30,287.19 ",,,,,,
2017,KE ,1024," 192,153.95 ",,,,,,
2017,KG ,1024," 15,391.74 ",,,,,,
2017,KH ,1024," 61,507.69 ",,,,,,
2017,KI ,1024," 2,475.72 ",,,,,,
2017,KM ,1024," 16,256.36 ",,,,,,
2017,KP ,1024," 28,742.08 ",,,,,,
2017,KV ,1024," 8,388.37 ",,,,,,
2017,KZ ,1024," 9,800.76 ",,,,,,
2017,LA ,1024," 30,149.23 ",,,,,,
2017,LB ,1024," 23,442.59 ",,,,,,
2017,LK ,1024," 14,357.58 ",,,,,,
2017,LR ,1024," 56,169.39 ",,,,,,
2017,LS ,1024," 29,840.38 ",,,,,,
2017,LY ,1024," 7,726.37 ",,,,,,
2017,MA ,1024," 18,988.34 ",,,,,,
2017,MD ,1024," 12,826.92 ",,,,,,
2017,ME ,1024," 10,776.20 ",,,,,,
2017,MG ,1024," 114,637.87 ",,,,,,
2017,MK ,1024," 7,196.61 ",,,,,,
2017,ML ,1024," 215,772.22 ",,,,,,
2017,MM ,1024," 201,768.57 ",,,,,,
2017,MN ,1024," 16,322.84 ",,,,,,
2017,MR ,1024," 35,196.69 ",,,,,,
2017,MV ,1024," 9,641.15 ",,,,,,
2017,MW ,1024," 132,511.82 ",,,,,,
2017,MX ,1024," 15,616.23 ",,,,,,
2017,MY ,1024," 8,890.03 ",,,,,,
2017,MZ ,1024," 184,689.85 ",,,,,,
2017,NA ,1024," 14,286.65 ",,,,,,
2017,NE ,1024," 227,463.78 ",,,,,,
2017,NG ,1024," 649,545.81 ",,,,,,
2017,NI ,1024," 13,656.05 ",,,,,,
2017,NP ,1024," 87,455.43 ",,,,,,
2017,PA ,1024," 10,421.17 ",,,,,,
2017,PE ,1024," 15,430.47 ",,,,,,
2017,PG ,1024," 16,855.32 ",,,,,,
2017,PH ,1024," 40,455.72 ",,,,,,
2017,PK ,1024," 362,572.94 ",,,,,,
2017,PS ,1024," 38,264.90 ",,,,,,
2017,PY ,1024," 16,315.04 ",,,,,,
2017,R12,1024," 143,534.82 ",,,,,,
2017,R20,1024," 45,250.35 ",,,,,,
2017,R31,1024," 57,813.48 ",,,,,,
2017,R33,1024," 29,275.39 ",,,,,,
2017,R35,1024," 26,604.02 ",,,,,,
2017,R50,1024," 58,342.39 ",,,,,,
2017,R90,1024," 6,381,188.87 ",,,,,,
2017,RS ,1024," 7,924.68 ",,,,,,
2017,RW ,1024," 92,637.26 ",,,,,,
2017,SB ,1024," 5,850.28 ",,,,,,
2017,SD ,1024," 161,632.66 ",,,,,,
2017,SL ,1024," 110,773.61 ",,,,,,
2017,SN ,1024," 75,467.91 ",,,,,,
2017,SO ,1024," 206,536.83 ",,,,,,
2017,SS ,1024," 119,999.00 ",,,,,,
2017,ST ,1024," 11,766.91 ",,,,,,
2017,SV ,1024," 11,468.15 ",,,,,,
2017,SY ,1024," 29,094.45 ",,,,,,
2017,SZ ,1024," 15,789.63 ",,,,,,
2017,TD ,1024," 174,509.18 ",,,,,,
2017,TG ,1024," 51,357.58 ",,,,,,
2017,TH ,1024," 12,094.70 ",,,,,,
2017,TJ ,1024," 29,433.42 ",,,,,,
2017,TL ,1024," 13,223.67 ",,,,,,
2017,TM ,1024," 12,247.65 ",,,,,,
2017,TN ,1024," 10,008.26 ",,,,,,
2017,TR ,1024," 9,745.55 ",,,,,,
2017,TV ,1024, 101.21 ,,,,,,
2017,TZ ,1024," 219,666.21 ",,,,,,
2017,UA ,1024," 14,163.32 ",,,,,,
2017,UG ,1024," 244,627.88 ",,,,,,
2017,UY ,1024," 10,367.29 ",,,,,,
2017,UZ ,1024," 39,772.23 ",,,,,,
2017,VE ,1024," 10,626.05 ",,,,,,
2017,VN ,1024," 59,814.55 ",,,,,,
2017,VU ,1024," 7,944.93 ",,,,,,
2017,YE ,1024," 86,610.96 ",,,,,,
2017,ZA ,1024," 15,842.50 ",,,,,,
2017,ZM ,1024," 102,820.85 ",,,,,,
2017,ZW ,1024," 97,267.93 ",,,,,,
2017,JO ,1026," 4,308,550.88 ",,,,,,
2017,LB ,1026," 2,859,222.51 ",,,,,,
2017,PS ,1026," 11,813,201.22 ",,,,,,
2017,SY ,1026," 1,019,025.39 ",,,,,,
2017,R10,1027," 1,000,000.00 ",,,,,,
2017,R20,1027," 300,000.00 ",,,,,,
2017,R30,1027," 500,000.00 ",,,,,,
2017,R40,1027," 200,000.00 ",,,,,,
2017,R10,1028," 1,588,449.12 ",,,,,,
2017,R20,1028," 1,588,449.12 ",,,,,,
2017,R30,1028," 1,588,449.12 ",,,,,,
2017,R40,1028," 529,483.04 ",,,,,,
2017,AF ,1029," 242,446.89 ",,,,,,
2017,AM ,1029," 130,735.42 ",,,,,,
2017,AO ,1029," 60,020.09 ",,,,,,
2017,BA ,1029," 48,769.75 ",,,,,,
2017,BD ,1029," 1,051,588.07 ",,,,,,
2017,BF ,1029," 125,532.25 ",,,,,,
2017,BI ,1029," 283,487.72 ",,,,,,
2017,BJ ,1029," 52,012.47 ",,,,,,
2017,BO ,1029," 117,999.05 ",,,,,,
2017,BT ,1029," 43,302.53 ",,,,,,
2017,BW ,1029," 1,841.15 ",,,,,,
2017,CD ,1029," 15,855.04 ",,,,,,
2017,CF ,1029," 65,712.99 ",,,,,,
2017,CG ,1029," 45,288.50 ",,,,,,
2017,CI ,1029," 50,706.18 ",,,,,,
2017,CM ,1029," 180,850.38 ",,,,,,
2017,CN ,1029," 83,436.13 ",,,,,,
2017,CU ,1029," 3,680.09 ",,,,,,
2017,CV ,1029," 30,699.66 ",,,,,,
2017,DJ ,1029," 20,633.07 ",,,,,,
2017,EG ,1029," 433,389.92 ",,,,,,
2017,ER ,1029," 138,007.28 ",,,,,,
2017,ET ,1029," 794,452.01 ",,,,,,
2017,GE ,1029," 7,001.36 ",,,,,,
2017,GH ,1029," 167,670.75 ",,,,,,
2017,GM ,1029," 109,106.32 ",,,,,,
2017,GN ,1029," 100,632.28 ",,,,,,
2017,GT ,1029," 55,430.59 ",,,,,,
2017,GW ,1029," 6,161.52 ",,,,,,
2017,HN ,1029," 64,377.94 ",,,,,,
2017,HT ,1029," 92,400.11 ",,,,,,
2017,ID ,1029," 276,393.96 ",,,,,,
2017,IN ,1029," 681,251.87 ",,,,,,
2017,JO ,1029," 11,071.07 ",,,,,,
2017,KE ,1029," 189,892.45 ",,,,,,
2017,KG ,1029," 119,885.74 ",,,,,,
2017,KH ,1029," 212,991.43 ",,,,,,
2017,KI ,1029," 13,998.75 ",,,,,,
2017,KM ,1029," 6,388.32 ",,,,,,
2017,LA ,1029," 99,427.31 ",,,,,,
2017,LB ,1029," 1,421.75 ",,,,,,
2017,LK ,1029," 475,415.10 ",,,,,,
2017,LR ,1029," 67,284.50 ",,,,,,
2017,LS ,1029," 65,625.27 ",,,,,,
2017,MD ,1029," 43,221.02 ",,,,,,
2017,MG ,1029," 229,063.43 ",,,,,,
2017,ML ,1029," 247,106.50 ",,,,,,
2017,MM ,1029," 47,078.70 ",,,,,,
2017,MN ,1029," 35,273.29 ",,,,,,
2017,MR ,1029," 88,439.61 ",,,,,,
2017,MV ,1029," 22,617.89 ",,,,,,
2017,MW ,1029," 227,632.28 ",,,,,,
2017,MX ,1029," 12,397.84 ",,,,,,
2017,MZ ,1029," 298,961.20 ",,,,,,
2017,NE ,1029," 273,206.52 ",,,,,,
2017,NG ,1029," 447,742.65 ",,,,,,
2017,NI ,1029," 98,403.68 ",,,,,,
2017,NP ,1029," 352,184.28 ",,,,,,
2017,PG ,1029," 73,473.87 ",,,,,,
2017,PH ,1029," 81,322.67 ",,,,,,
2017,PK ,1029," 370,548.73 ",,,,,,
2017,RW ,1029," 360,562.61 ",,,,,,
2017,SB ,1029," 11,394.33 ",,,,,,
2017,SD ,1029," 301,031.61 ",,,,,,
2017,SL ,1029," 224,467.78 ",,,,,,
2017,SN ,1029," 231,264.02 ",,,,,,
2017,SS ,1029," 20,447.88 ",,,,,,
2017,ST ,1029," 50,957.50 ",,,,,,
2017,SZ ,1029," 8,634.92 ",,,,,,
2017,TD ,1029," 85,780.88 ",,,,,,
2017,TG ,1029," 12,253.17 ",,,,,,
2017,TJ ,1029," 89,598.04 ",,,,,,
2017,TN ,1029," 4,548.22 ",,,,,,
2017,TO ,1029," 19,626.10 ",,,,,,
2017,TR ,1029," 1,036.98 ",,,,,,
2017,TZ ,1029," 320,342.26 ",,,,,,
2017,UG ,1029," 267,978.85 ",,,,,,
2017,UZ ,1029," 29,916.91 ",,,,,,
2017,VN ,1029," 443,717.91 ",,,,,,
2017,ZM ,1029," 223,490.84 ",,,,,,
2017,AF ,1030," 189,827.35 ",,,,,,
2017,AG ,1030," 59,201.55 ",,,,,,
2017,AL ,1030," 152,574.10 ",,,,,,
2017,AM ,1030," 341,646.11 ",,,,,,
2017,AO ,1030," 218,379.72 ",,,,,,
2017,AR ,1030," 486,298.16 ",,,,,,
2017,AZ ,1030," 219,374.60 ",,,,,,
2017,BA ,1030," 162,471.52 ",,,,,,
2017,BD ,1030," 210,110.04 ",,,,,,
2017,BF ,1030," 120,416.10 ",,,,,,
2017,BI ,1030," 68,276.00 ",,,,,,
2017,BJ ,1030," 242,037.68 ",,,,,,
2017,BO ,1030," 346,037.31 ",,,,,,
2017,BR ,1030," 2,047,787.71 ",,,,,,
2017,BT ,1030," 66,325.26 ",,,,,,
2017,BW ,1030," 173,431.44 ",,,,,,
2017,BY ,1030," 310,347.09 ",,,,,,
2017,BZ ,1030," 98,928.67 ",,,,,,
2017,CD ,1030," 365,761.92 ",,,,,,
2017,CF ,1030," 22,183.60 ",,,,,,
2017,CG ,1030," 149,966.69 ",,,,,,
2017,CI ,1030," 248,889.75 ",,,,,,
2017,CK ,1030," 75,332.73 ",,,,,,
2017,CL ,1030," 389,164.09 ",,,,,,
2017,CM ,1030," 355,196.05 ",,,,,,
2017,CN ,1030," 4,430,602.18 ",,,,,,
2017,CO ,1030," 1,014,047.32 ",,,,,,
2017,CR ,1030," 296,367.17 ",,,,,,
2017,CU ,1030," 200,247.41 ",,,,,,
2017,CV ,1030," 116,155.52 ",,,,,,
2017,DJ ,1030," 107,028.32 ",,,,,,
2017,DM ,1030," 96,745.38 ",,,,,,
2017,DO ,1030," 83,301.43 ",,,,,,
2017,DZ ,1030," 163,228.49 ",,,,,,
2017,EC ,1030," 445,529.26 ",,,,,,
2017,EG ,1030," 290,089.60 ",,,,,,
2017,ER ,1030," 114,400.26 ",,,,,,
2017,ET ,1030," 120,429.68 ",,,,,,
2017,FJ ,1030," 123,805.68 ",,,,,,
2017,FM ,1030," 76,238.52 ",,,,,,
2017,GA ,1030," 23,083.79 ",,,,,,
2017,GD ,1030," 49,283.32 ",,,,,,
2017,GE ,1030," 128,926.87 ",,,,,,
2017,GH ,1030," 188,285.70 ",,,,,,
2017,GM ,1030," 134,892.56 ",,,,,,
2017,GN ,1030," 43,041.60 ",,,,,,
2017,GQ ,1030," 56,944.95 ",,,,,,
2017,GT ,1030," 246,937.70 ",,,,,,
2017,GW ,1030," 58,844.81 ",,,,,,
2017,GY ,1030," 152,202.32 ",,,,,,
2017,HN ,1030," 235,609.90 ",,,,,,
2017,HT ,1030," 35,167.59 ",,,,,,
2017,ID ,1030," 1,397,387.63 ",,,,,,
2017,IN ,1030," 2,185,701.49 ",,,,,,
2017,IQ ,1030," 74,960.87 ",,,,,,
2017,IR ,1030," 30,886.76 ",,,,,,
2017,JM ,1030," 128,022.13 ",,,,,,
2017,JO ,1030," 162,225.48 ",,,,,,
2017,KE ,1030," 425,009.64 ",,,,,,
2017,KG ,1030," 181,215.47 ",,,,,,
2017,KH ,1030," 139,314.33 ",,,,,,
2017,KI ,1030," 80,441.16 ",,,,,,
2017,KM ,1030," 91,353.04 ",,,,,,
2017,KV ,1030," 27,093.62 ",,,,,,
2017,KZ ,1030," 582,518.46 ",,,,,,
2017,LA ,1030," 173,036.50 ",,,,,,
2017,LB ,1030," 97,673.29 ",,,,,,
2017,LC ,1030," 80,903.73 ",,,,,,
2017,LK ,1030," 262,392.87 ",,,,,,
2017,LR ,1030," 54,213.50 ",,,,,,
2017,LS ,1030," 56,896.67 ",,,,,,
2017,LY ,1030," 64,579.42 ",,,,,,
2017,MA ,1030," 468,972.06 ",,,,,,
2017,MD ,1030," 136,559.96 ",,,,,,
2017,ME ,1030," 80,021.10 ",,,,,,
2017,MG ,1030," 385,465.64 ",,,,,,
2017,ML ,1030," 134,915.00 ",,,,,,
2017,MM ,1030," 270,128.30 ",,,,,,
2017,MN ,1030," 181,050.55 ",,,,,,
2017,MR ,1030," 286,620.85 ",,,,,,
2017,MU ,1030," 132,149.58 ",,,,,,
2017,MV ,1030," 63,155.30 ",,,,,,
2017,MW ,1030," 92,639.96 ",,,,,,
2017,MX ,1030," 1,756,372.42 ",,,,,,
2017,MY ,1030," 532,495.32 ",,,,,,
2017,MZ ,1030," 175,416.24 ",,,,,,
2017,NA ,1030," 202,500.60 ",,,,,,
2017,NE ,1030," 78,601.69 ",,,,,,
2017,NG ,1030," 301,878.99 ",,,,,,
2017,NI ,1030," 119,225.66 ",,,,,,
2017,NP ,1030," 157,073.57 ",,,,,,
2017,NR ,1030," 42,987.22 ",,,,,,
2017,NU ,1030," 79,571.77 ",,,,,,
2017,PA ,1030," 172,949.61 ",,,,,,
2017,PE ,1030," 663,324.98 ",,,,,,
2017,PG ,1030," 235,460.35 ",,,,,,
2017,PH ,1030," 552,325.68 ",,,,,,
2017,PK ,1030," 530,249.29 ",,,,,,
2017,PW ,1030," 98,124.31 ",,,,,,
2017,PY ,1030," 237,329.48 ",,,,,,
2017,R10,1030," 3,224,557.87 ",,,,,,
2017,R20,1030," 1,846,279.48 ",,,,,,
2017,R30,1030," 1,746,808.66 ",,,,,,
2017,R34,1030," 132,276.62 ",,,,,,
2017,R40,1030," 254,286.80 ",,,,,,
2017,R90,1030," 9,633,656.32 ",,,,,,
2017,RS ,1030," 168,973.42 ",,,,,,
2017,SB ,1030," 92,277.45 ",,,,,,
2017,SC ,1030," 95,465.21 ",,,,,,
2017,SD ,1030," 277,226.89 ",,,,,,
2017,SL ,1030," 49,511.15 ",,,,,,
2017,SN ,1030," 206,352.26 ",,,,,,
2017,SO ,1030," 5,418.76 ",,,,,,
2017,SR ,1030," 87,214.54 ",,,,,,
2017,SS ,1030," 24,926.19 ",,,,,,
2017,ST ,1030," 138,343.92 ",,,,,,
2017,SV ,1030," 58,713.78 ",,,,,,
2017,SZ ,1030," 87,620.86 ",,,,,,
2017,TD ,1030," 40,505.06 ",,,,,,
2017,TG ,1030," 16,570.34 ",,,,,,
2017,TH ,1030," 547,655.93 ",,,,,,
2017,TJ ,1030," 119,290.36 ",,,,,,
2017,TL ,1030," 68,737.92 ",,,,,,
2017,TM ,1030," 111,224.85 ",,,,,,
2017,TN ,1030," 241,012.57 ",,,,,,
2017,TO ,1030," 93,848.45 ",,,,,,
2017,TR ,1030," 628,822.76 ",,,,,,
2017,TV ,1030," 67,130.10 ",,,,,,
2017,TZ ,1030," 402,249.26 ",,,,,,
2017,UA ,1030," 669,842.65 ",,,,,,
2017,UG ,1030," 155,553.37 ",,,,,,
2017,UY ,1030," 155,756.65 ",,,,,,
2017,UZ ,1030," 290,881.60 ",,,,,,
2017,VE ,1030," 260,210.15 ",,,,,,
2017,VN ,1030," 633,306.95 ",,,,,,
2017,VU ,1030," 98,672.55 ",,,,,,
2017,WS ,1030," 80,706.70 ",,,,,,
2017,YE ,1030," 144,108.28 ",,,,,,
2017,ZA ,1030," 870,723.65 ",,,,,,
2017,ZM ,1030," 213,750.21 ",,,,,,
2017,ZW ,1030," 94,735.39 ",,,,,,
2017,AF ,1033," 61,922.80 ",,,,,,
2017,AL ,1033," 8,826.01 ",,,,,,
2017,AM ,1033," 8,852.48 ",,,,,,
2017,AO ,1033," 76,510.80 ",,,,,,
2017,AZ ,1033," 10,698.09 ",,,,,,
2017,BA ,1033," 11,388.13 ",,,,,,
2017,BD ,1033," 197,434.82 ",,,,,,
2017,BF ,1033," 40,613.71 ",,,,,,
2017,BI ,1033," 30,040.61 ",,,,,,
2017,BJ ,1033," 31,086.33 ",,,,,,
2017,BT ,1033," 47,952.08 ",,,,,,
2017,BW ,1033," 22,610.18 ",,,,,,
2017,BY ,1033," 18,369.12 ",,,,,,
2017,CD ,1033," 62,960.28 ",,,,,,
2017,CF ,1033," 68,016.75 ",,,,,,
2017,CG ,1033," 36,026.89 ",,,,,,
2017,CI ,1033," 31,314.84 ",,,,,,
2017,CK ,1033," 6,327.10 ",,,,,,
2017,CM ,1033," 42,402.61 ",,,,,,
2017,CN ,1033," 95,196.30 ",,,,,,
2017,CV ,1033," 20,427.36 ",,,,,,
2017,DJ ,1033," 17,966.17 ",,,,,,
2017,DZ ,1033," 33,984.31 ",,,,,,
2017,EG ,1033," 55,021.97 ",,,,,,
2017,ER ,1033," 27,916.17 ",,,,,,
2017,ET ,1033," 75,566.08 ",,,,,,
2017,FJ ,1033," 57,090.73 ",,,,,,
2017,FM ,1033," 12,584.68 ",,,,,,
2017,GA ,1033," 39,792.28 ",,,,,,
2017,GE ,1033," 11,384.58 ",,,,,,
2017,GH ,1033," 28,972.89 ",,,,,,
2017,GM ,1033," 21,505.27 ",,,,,,
2017,GN ,1033," 40,579.68 ",,,,,,
2017,GQ ,1033," 13,354.68 ",,,,,,
2017,GW ,1033," 19,013.70 ",,,,,,
2017,ID ,1033," 119,591.13 ",,,,,,
2017,IN ,1033," 204,312.32 ",,,,,,
2017,IQ ,1033," 27,384.96 ",,,,,,
2017,IR ,1033," 29,007.04 ",,,,,,
2017,JO ,1033," 11,052.87 ",,,,,,
2017,KE ,1033," 43,345.66 ",,,,,,
2017,KG ,1033," 25,410.55 ",,,,,,
2017,KH ,1033," 37,483.38 ",,,,,,
2017,KI ,1033," 14,050.48 ",,,,,,
2017,KM ,1033," 25,988.72 ",,,,,,
2017,KP ,1033," 94,336.61 ",,,,,,
2017,KZ ,1033," 19,936.50 ",,,,,,
2017,LA ,1033," 27,218.43 ",,,,,,
2017,LB ,1033," 13,406.19 ",,,,,,
2017,LK ,1033," 73,304.06 ",,,,,,
2017,LR ,1033," 68,006.43 ",,,,,,
2017,LS ,1033," 18,722.05 ",,,,,,
2017,LY ,1033," 9,054.61 ",,,,,,
2017,MA ,1033," 22,646.99 ",,,,,,
2017,MD ,1033," 27,357.51 ",,,,,,
2017,ME ,1033," 3,828.63 ",,,,,,
2017,MG ,1033," 26,008.88 ",,,,,,
2017,MH ,1033," 3,342.66 ",,,,,,
2017,MK ,1033," 21,298.12 ",,,,,,
2017,ML ,1033," 33,507.58 ",,,,,,
2017,MM ,1033," 110,188.82 ",,,,,,
2017,MN ,1033," 29,266.91 ",,,,,,
2017,MR ,1033," 33,491.39 ",,,,,,
2017,MU ,1033," 10,397.34 ",,,,,,
2017,MV ,1033," 39,466.76 ",,,,,,
2017,MW ,1033," 25,235.58 ",,,,,,
2017,MY ,1033," 12,850.60 ",,,,,,
2017,MZ ,1033," 44,368.64 ",,,,,,
2017,NA ,1033," 31,327.53 ",,,,,,
2017,NE ,1033," 33,149.89 ",,,,,,
2017,NG ,1033," 67,998.34 ",,,,,,
2017,NP ,1033," 83,211.55 ",,,,,,
2017,NR ,1033, 346.44 ,,,,,,
2017,NU ,1033, 941.29 ,,,,,,
2017,PG ,1033," 45,733.61 ",,,,,,
2017,PH ,1033," 36,361.44 ",,,,,,
2017,PK ,1033," 54,628.33 ",,,,,,
2017,PS ,1033," 21,086.69 ",,,,,,
2017,PW ,1033, 794.27 ,,,,,,
2017,R10,1033," 1,005,930.93 ",,,,,,
2017,R20,1033," 910,205.16 ",,,,,,
2017,R31,1033," 730,680.21 ",,,,,,
2017,R33,1033," 577,772.76 ",,,,,,
2017,R35,1033," 463,064.51 ",,,,,,
2017,R40,1033," 479,190.80 ",,,,,,
2017,R90,1033," 5,335,101.03 ",,,,,,
2017,RS ,1033," 35,290.27 ",,,,,,
2017,RW ,1033," 44,297.76 ",,,,,,
2017,SB ,1033," 25,235.63 ",,,,,,
2017,SC ,1033," 17,105.51 ",,,,,,
2017,SD ,1033," 49,343.20 ",,,,,,
2017,SH ,1033, 148.61 ,,,,,,
2017,SL ,1033," 38,322.22 ",,,,,,
2017,SN ,1033," 32,396.32 ",,,,,,
2017,SO ,1033," 12,985.93 ",,,,,,
2017,SS ,1033," 40,032.47 ",,,,,,
2017,ST ,1033," 20,098.36 ",,,,,,
2017,SY ,1033," 7,180.00 ",,,,,,
2017,SZ ,1033," 24,111.20 ",,,,,,
2017,TD ,1033," 39,258.84 ",,,,,,
2017,TG ,1033," 23,143.95 ",,,,,,
2017,TH ,1033," 79,127.22 ",,,,,,
2017,TJ ,1033," 27,181.58 ",,,,,,
2017,TK ,1033," 1,707.87 ",,,,,,
2017,TL ,1033," 36,381.86 ",,,,,,
2017,TM ,1033," 20,561.53 ",,,,,,
2017,TN ,1033," 15,017.93 ",,,,,,
2017,TO ,1033," 17,608.95 ",,,,,,
2017,TR ,1033," 26,245.45 ",,,,,,
2017,TV ,1033," 1,564.82 ",,,,,,
2017,TZ ,1033," 40,706.82 ",,,,,,
2017,UA ,1033," 36,252.58 ",,,,,,
2017,UG ,1033," 43,985.47 ",,,,,,
2017,UZ ,1033," 19,932.55 ",,,,,,
2017,VN ,1033," 49,072.51 ",,,,,,
2017,VU ,1033," 22,139.70 ",,,,,,
2017,WS ,1033," 31,154.01 ",,,,,,
2017,YE ,1033," 31,049.84 ",,,,,,
2017,ZA ,1033," 41,733.82 ",,,,,,
2017,ZM ,1033," 36,670.83 ",,,,,,
2017,ZW ,1033," 64,528.34 ",,,,,,
2017,AF ,1040," 665,178.88 ",,,,,,
2017,AM ,1040," 290,239.81 ",,,,,,
2017,AO ,1040," 1,211,784.70 ",,,,,,
2017,AZ ,1040," 391,729.36 ",,,,,,
2017,BA ,1040," 47,237.99 ",,,,,,
2017,BD ,1040," 2,191,336.00 ",,,,,,
2017,BF ,1040," 2,994,386.69 ",,,,,,
2017,BI ,1040," 1,398,104.78 ",,,,,,
2017,BJ ,1040," 1,366,606.96 ",,,,,,
2017,BO ,1040," 487,026.64 ",,,,,,
2017,BT ,1040," 74,034.41 ",,,,,,
2017,BW ,1040," 355,379.61 ",,,,,,
2017,BY ,1040," 503,821.75 ",,,,,,
2017,CD ,1040," 12,487,077.88 ",,,,,,
2017,CF ,1040," 1,059,984.50 ",,,,,,
2017,CG ,1040," 276,163.91 ",,,,,,
2017,CI ,1040," 5,385,341.93 ",,,,,,
2017,CM ,1040," 2,106,856.51 ",,,,,,
2017,CO ,1040," 183,237.19 ",,,,,,
2017,CR ,1040," 104,832.55 ",,,,,,
2017,CU ,1040," 375,022.17 ",,,,,,
2017,CV ,1040," 15,050.14 ",,,,,,
2017,DJ ,1040," 542,688.38 ",,,,,,
2017,DO ,1040," 364,304.93 ",,,,,,
2017,EC ,1040," 120,727.48 ",,,,,,
2017,EG ,1040," 46,536.52 ",,,,,,
2017,ER ,1040," 1,034,658.48 ",,,,,,
2017,ET ,1040," 9,552,555.16 ",,,,,,
2017,FJ ,1040," 49,913.84 ",,,,,,
2017,GA ,1040," 74,196.98 ",,,,,,
2017,GE ,1040," 463,193.89 ",,,,,,
2017,GH ,1040," 3,955,882.65 ",,,,,,
2017,GM ,1040," 613,251.53 ",,,,,,
2017,GN ,1040," 3,145,293.93 ",,,,,,
2017,GT ,1040," 771,746.76 ",,,,,,
2017,GW ,1040," 911,511.66 ",,,,,,
2017,GY ,1040," 133,836.36 ",,,,,,
2017,HN ,1040," 428,121.86 ",,,,,,
2017,HT ,1040," 1,277,836.12 ",,,,,,
2017,ID ,1040," 4,587,966.87 ",,,,,,
2017,IN ,1040," 7,832,931.94 ",,,,,,
2017,IQ ,1040," 118,943.98 ",,,,,,
2017,IR ,1040," 319,081.04 ",,,,,,
2017,JM ,1040," 316,815.24 ",,,,,,
2017,JO ,1040," 4,098.67 ",,,,,,
2017,KE ,1040," 6,405,851.65 ",,,,,,
2017,KG ,1040," 626,036.48 ",,,,,,
2017,KH ,1040," 1,417,586.56 ",,,,,,
2017,KM ,1040," 310,751.84 ",,,,,,
2017,KP ,1040," 785,150.69 ",,,,,,
2017,KV ,1040," 110,723.15 ",,,,,,
2017,KZ ,1040," 270,578.59 ",,,,,,
2017,LA ,1040," 821,005.49 ",,,,,,
2017,LK ,1040," 282,903.51 ",,,,,,
2017,LR ,1040," 1,137,422.13 ",,,,,,
2017,LS ,1040," 1,038,080.97 ",,,,,,
2017,MA ,1040," 495,747.24 ",,,,,,
2017,MD ,1040," 459,339.08 ",,,,,,
2017,MG ,1040," 1,310,939.80 ",,,,,,
2017,MK ,1040," 71,637.95 ",,,,,,
2017,ML ,1040," 1,786,193.08 ",,,,,,
2017,MM ,1040," 6,857,083.71 ",,,,,,
2017,MN ,1040," 139,363.88 ",,,,,,
2017,MR ,1040," 304,024.28 ",,,,,,
2017,MU ,1040," 46,608.77 ",,,,,,
2017,MW ,1040," 7,880,363.21 ",,,,,,
2017,MY ,1040," 62,306.80 ",,,,,,
2017,MZ ,1040," 10,961,281.44 ",,,,,,
2017,NA ,1040," 1,496,425.34 ",,,,,,
2017,NE ,1040," 1,324,464.76 ",,,,,,
2017,NG ,1040," 11,661,064.51 ",,,,,,
2017,NI ,1040," 669,696.64 ",,,,,,
2017,NP ,1040," 1,008,252.24 ",,,,,,
2017,PA ,1040," 42,224.09 ",,,,,,
2017,PE ,1040," 582,204.11 ",,,,,,
2017,PG ,1040," 1,201,897.18 ",,,,,,
2017,PH ,1040," 2,296,385.92 ",,,,,,
2017,PK ,1040," 3,904,777.80 ",,,,,,
2017,PY ,1040," 205,337.63 ",,,,,,
2017,R10,1040," 1,729,486.05 ",,,,,,
2017,R20,1040," 148,730.55 ",,,,,,
2017,R22,1040," 149,670.47 ",,,,,,
2017,R25,1040," 109,680.27 ",,,,,,
2017,R31,1040," 244,720.89 ",,,,,,
2017,R33,1040," 288,545.43 ",,,,,,
2017,R35,1040," 1,191,223.30 ",,,,,,
2017,R40,1040," 135,155.02 ",,,,,,
2017,R50,1040," 322,475.23 ",,,,,,
2017,RW ,1040," 4,251,447.66 ",,,,,,
2017,SB ,1040," 197,996.51 ",,,,,,
2017,SD ,1040," 4,952,547.57 ",,,,,,
2017,SL ,1040," 1,656,620.37 ",,,,,,
2017,SN ,1040," 1,428,075.60 ",,,,,,
2017,SO ,1040," 1,449,669.65 ",,,,,,
2017,SR ,1040," 12,376.70 ",,,,,,
2017,SS ,1040," 530,277.36 ",,,,,,
2017,ST ,1040," 199,993.16 ",,,,,,
2017,SV ,1040," 448,791.04 ",,,,,,
2017,SY ,1040," 103,991.99 ",,,,,,
2017,SZ ,1040," 1,931,383.13 ",,,,,,
2017,TD ,1040," 2,553,399.81 ",,,,,,
2017,TG ,1040," 1,282,665.17 ",,,,,,
2017,TH ,1040," 743,430.58 ",,,,,,
2017,TJ ,1040," 613,809.70 ",,,,,,
2017,TL ,1040," 340,630.53 ",,,,,,
2017,TM ,1040," 76,985.43 ",,,,,,
2017,TN ,1040," 46,528.09 ",,,,,,
2017,TZ ,1040," 13,538,403.21 ",,,,,,
2017,UA ,1040," 3,497,273.94 ",,,,,,
2017,UG ,1040," 11,775,623.21 ",,,,,,
2017,UZ ,1040," 1,087,144.00 ",,,,,,
2017,VN ,1040," 2,672,292.01 ",,,,,,
2017,YE ,1040," 334,769.44 ",,,,,,
2017,ZA ,1040," 4,103,623.30 ",,,,,,
2017,ZM ,1040," 5,205,573.59 ",,,,,,
2017,ZW ,1040," 8,701,416.88 ",,,,,,
2017,R10,1041," 5,000,000.00 ",,,,,,
2017,R20,1041," 2,000,000.00 ",,,,,,
2017,R30,1041," 3,000,000.00 ",,,,,,
2017,AG ,1042," 53,300.00 ",,,,,,
2017,BD ,1042," 54,600.00 ",,,,,,
2017,BZ ,1042," 53,300.00 ",,,,,,
2017,CM ,1042," 53,300.00 ",,,,,,
2017,DM ,1042," 53,300.00 ",,,,,,
2017,GD ,1042," 53,300.00 ",,,,,,
2017,GH ,1042," 53,300.00 ",,,,,,
2017,GY ,1042," 53,300.00 ",,,,,,
2017,IN ,1042," 260,000.00 ",,,,,,
2017,JM ,1042," 53,300.00 ",,,,,,
2017,KE ,1042," 53,300.00 ",,,,,,
2017,KI ,1042," 53,300.00 ",,,,,,
2017,KN ,1042," 53,300.00 ",,,,,,
2017,LC ,1042," 53,300.00 ",,,,,,
2017,LK ,1042," 53,300.00 ",,,,,,
2017,LS ,1042," 53,300.00 ",,,,,,
2017,MU ,1042," 53,300.00 ",,,,,,
2017,MV ,1042," 53,300.00 ",,,,,,
2017,MW ,1042," 53,300.00 ",,,,,,
2017,MY ,1042," 53,300.00 ",,,,,,
2017,MZ ,1042," 53,300.00 ",,,,,,
2017,NA ,1042," 53,300.00 ",,,,,,
2017,NG ,1042," 260,000.00 ",,,,,,
2017,NR ,1042," 53,300.00 ",,,,,,
2017,PG ,1042," 53,300.00 ",,,,,,
2017,PK ,1042," 53,300.00 ",,,,,,
2017,R10,1042," 2,017,327.21 ",,,,,,
2017,R20,1042," 2,017,327.21 ",,,,,,
2017,R30,1042," 2,017,327.21 ",,,,,,
2017,R40,1042," 2,017,327.21 ",,,,,,
2017,RW ,1042," 53,300.00 ",,,,,,
2017,SB ,1042," 53,300.00 ",,,,,,
2017,SC ,1042," 53,300.00 ",,,,,,
2017,SL ,1042," 53,300.00 ",,,,,,
2017,SZ ,1042," 53,300.00 ",,,,,,
2017,TO ,1042," 53,300.00 ",,,,,,
2017,TT ,1042," 53,300.00 ",,,,,,
2017,TV ,1042," 53,300.00 ",,,,,,
2017,TZ ,1042," 53,300.00 ",,,,,,
2017,UG ,1042," 53,300.00 ",,,,,,
2017,VC ,1042," 53,300.00 ",,,,,,
2017,VU ,1042," 53,300.00 ",,,,,,
2017,WS ,1042," 53,300.00 ",,,,,,
2017,ZA ,1042," 53,300.00 ",,,,,,
2017,ZM ,1042," 53,300.00 ",,,,,,
2017,R10,1045," 7,954,292.85 ",,,,,,
2017,R20,1045," 7,896,292.85 ",,,,,,
2017,R30,1045," 7,896,292.85 ",,,,,,
2017,R40,1045," 5,982,292.85 ",,,,,,
2017,EC ,1050," 79,112.00 ",,,,,,
2017,HT ,1050," 241,943.00 ",,,,,,
2017,R31,1050," 4,130,709.00 ",,,,,,
2017,CO ,1054," 9,528.76 ",,,,,,
2017,HT ,1054," 16,618,446.49 ",,,,,,
2017,IQ ,1054," 178,070.30 ",,,,,,
2017,JO ,1054," 18,528.82 ",,,,,,
2017,KH ,1054," 303,773.10 ",,,,,,
2017,PH ,1054," 55,984.61 ",,,,,,
2017,PS ,1054," 578,205.49 ",,,,,,
2017,R12,1054," 134,371.51 ",,,,,,
2017,R90,1054," 6,743,133.94 ",,,,,,
2017,UA ,1054," 1,716,474.05 ",,,,,,
2017,CN ,1057," 1,602,480.00 ",,,,,,
2017,MA ,1057," 8,200,000.00 ",,,,,,
2017,R10,1057," 165,500.00 ",,,,,,
2017,R30,1057," 115,500.00 ",,,,,,
2017,R40,1057," 115,500.00 ",,,,,,
2017,R20,1057," 306,080.00 ",,,,,,
2017,R90,1057," 613,580.00 ",,,,,,
2017,AF ,1059," 1,425,000.00 ",,,,,,
2017,AO ,1059," 27,340.00 ",,,,,,
2017,AR ,1059," 982,223.80 ",,,,,,
2017,BD ,1059," 1,681,087.30 ",,,,,,
2017,BF ,1059," 1,624,139.50 ",,,,,,
2017,BJ ,1059," 109,373.90 ",,,,,,
2017,BO ,1059," 637,180.80 ",,,,,,
2017,BR ,1059," 643,079.80 ",,,,,,
2017,BW ,1059," 534,115.00 ",,,,,,
2017,CD ,1059," 210,582.50 ",,,,,,
2017,CG ,1059," 8,380.00 ",,,,,,
2017,CI ,1059," 117,367.60 ",,,,,,
2017,CL ,1059," 707,193.40 ",,,,,,
2017,CM ,1059," 189,053.60 ",,,,,,
2017,CN ,1059," 571,786.70 ",,,,,,
2017,CO ,1059," 2,096,988.50 ",,,,,,
2017,CR ,1059," 182,469.40 ",,,,,,
2017,CU ,1059," 327,493.50 ",,,,,,
2017,DO ,1059," 109,314.90 ",,,,,,
2017,DZ ,1059," 72,250.00 ",,,,,,
2017,EC ,1059," 277,620.10 ",,,,,,
2017,EG ,1059," 744,598.90 ",,,,,,
2017,ET ,1059," 1,035,029.90 ",,,,,,
2017,GH ,1059," 1,016,076.80 ",,,,,,
2017,GN ,1059," 19,613.40 ",,,,,,
2017,GT ,1059," 486,660.20 ",,,,,,
2017,HN ,1059," 179,000.30 ",,,,,,
2017,HT ,1059," 1,484,186.00 ",,,,,,
2017,ID ,1059," 598,274.30 ",,,,,,
2017,IN ,1059," 2,571,046.10 ",,,,,,
2017,IQ ,1059," 54,513.80 ",,,,,,
2017,IR ,1059," 11,800.00 ",,,,,,
2017,JM ,1059," 34,448.40 ",,,,,,
2017,JO ,1059," 194,694.30 ",,,,,,
2017,KE ,1059," 3,216,206.20 ",,,,,,
2017,KH ,1059," 481,743.00 ",,,,,,
2017,LA ,1059," 151,090.10 ",,,,,,
2017,LB ,1059," 686,879.10 ",,,,,,
2017,LK ,1059," 309,117.50 ",,,,,,
2017,LR ,1059," 29,482.30 ",,,,,,
2017,LS ,1059," 14,203.50 ",,,,,,
2017,LY ,1059," 11,800.00 ",,,,,,
2017,MA ,1059," 206,277.50 ",,,,,,
2017,MG ,1059," 125,978.50 ",,,,,,
2017,ML ,1059," 142,210.40 ",,,,,,
2017,MM ,1059," 1,283,460.90 ",,,,,,
2017,MR ,1059," 9,554.50 ",,,,,,
2017,MW ,1059," 273,480.30 ",,,,,,
2017,MX ,1059," 482,766.00 ",,,,,,
2017,MY ,1059," 31,660.20 ",,,,,,
2017,MZ ,1059," 475,869.00 ",,,,,,
2017,NA ,1059," 35,811.60 ",,,,,,
2017,NE ,1059," 260,810.40 ",,,,,,
2017,NG ,1059," 741,190.80 ",,,,,,
2017,NI ,1059," 75,565.00 ",,,,,,
2017,NP ,1059," 1,135,147.80 ",,,,,,
2017,PA ,1059," 459,680.00 ",,,,,,
2017,PE ,1059," 1,070,043.70 ",,,,,,
2017,PH ,1059," 475,808.20 ",,,,,,
2017,PK ,1059," 721,280.00 ",,,,,,
2017,PS ,1059," 29,814.00 ",,,,,,
2017,PY ,1059," 512,787.80 ",,,,,,
2017,R10,1059," 22,360,647.40 ",,,,,,
2017,R11,1059," 351,799.60 ",,,,,,
2017,R12,1059," 8,006,397.40 ",,,,,,
2017,R20,1059," 4,170.10 ",,,,,,
2017,R21,1059," 439,107.60 ",,,,,,
2017,R22,1059," 14,334,903.30 ",,,,,,
2017,R25,1059," 152,623.80 ",,,,,,
2017,R30,1059," 12,382,829.60 ",,,,,,
2017,R31,1059," 2,295,781.90 ",,,,,,
2017,R32,1059," 695,197.00 ",,,,,,
2017,R33,1059," 1,363,068.20 ",,,,,,
2017,R35,1059," 1,181.60 ",,,,,,
2017,R90,1059," 40,910,863.00 ",,,,,,
2017,RW ,1059," 287,291.90 ",,,,,,
2017,SD ,1059," 7,500.00 ",,,,,,
2017,SL ,1059," 21,642.90 ",,,,,,
2017,SN ,1059," 569,675.20 ",,,,,,
2017,SO ,1059," 39,950.00 ",,,,,,
2017,SS ,1059," 184,811.10 ",,,,,,
2017,SV ,1059," 383,913.30 ",,,,,,
2017,SY ,1059," 75,599.20 ",,,,,,
2017,TD ,1059," 67,217.80 ",,,,,,
2017,TG ,1059," 44,408.10 ",,,,,,
2017,TH ,1059," 313,720.30 ",,,,,,
2017,TJ ,1059," 124,517.90 ",,,,,,
2017,TL ,1059," 278,720.80 ",,,,,,
2017,TN ,1059," 718,031.90 ",,,,,,
2017,TR ,1059," 83,228.40 ",,,,,,
2017,TZ ,1059," 1,330,225.80 ",,,,,,
2017,UG ,1059," 1,578,053.90 ",,,,,,
2017,UY ,1059," 33,263.80 ",,,,,,
2017,VE ,1059," 131,516.00 ",,,,,,
2017,VN ,1059," 740,893.80 ",,,,,,
2017,YE ,1059," 7,314.00 ",,,,,,
2017,ZA ,1059," 936,141.70 ",,,,,,
2017,ZM ,1059," 280,351.60 ",,,,,,
2017,ZW ,1059," 423,860.80 ",,,,,,
2017,AL ,1060," 12,000.00 ",,,,,,
2017,AR ,1060," 36,000.00 ",,,,,,
2017,AZ ,1060," 35,000.00 ",,,,,,
2017,BD ,1060," 185,000.00 ",,,,,,
2017,BF ,1060," 449,421.00 ",,,,,,
2017,BJ ,1060," 396,502.00 ",,,,,,
2017,BO ,1060," 273,253.00 ",,,,,,
2017,BR ,1060," 389,000.00 ",,,,,,
2017,CA ,1060," 1,410,660.00 ",,,,,,
2017,CD ,1060," 64,088.00 ",,,,,,
2017,CM ,1060," 71,469.00 ",,,,,,
2017,CN ,1060," 1,127,000.00 ",,,,,,
2017,CU ,1060," 92,532.00 ",,,,,,
2017,EC ,1060," 278,952.00 ",,,,,,
2017,EG ,1060," 35,000.00 ",,,,,,
2017,GH ,1060," 58,388.00 ",,,,,,
2017,GT ,1060," 109,000.00 ",,,,,,
2017,HT ,1060," 1,230,437.00 ",,,,,,
2017,IN ,1060," 551,000.00 ",,,,,,
2017,IR ,1060," 186,000.00 ",,,,,,
2017,KH ,1060," 58,023.00 ",,,,,,
2017,MG ,1060," 175,314.00 ",,,,,,
2017,ML ,1060," 182,290.00 ",,,,,,
2017,MX ,1060," 749,000.00 ",,,,,,
2017,NE ,1060," 90,000.00 ",,,,,,
2017,NI ,1060," 60,791.00 ",,,,,,
2017,PE ,1060," 548,640.00 ",,,,,,
2017,PK ,1060," 12,000.00 ",,,,,,
2017,R20,1060," 110,000.00 ",,,,,,
2017,R90,1060," 11,066,135.44 ",,,,,,
2017,RW ,1060," 60,442.00 ",,,,,,
2017,SN ,1060," 549,579.00 ",,,,,,
2017,TG ,1060," 209,540.00 ",,,,,,
2017,VN ,1060," 70,000.00 ",,,,,,
2017,AF ,1062," 137,200.00 ",,,,,,
2017,BD ,1062," 36,826.00 ",,,,,,
2017,BO ,1062," 8,773.00 ",,,,,,
2017,CG ,1062," 34,243.00 ",,,,,,
2017,CO ,1062," 1,894.00 ",,,,,,
2017,ET ,1062," 38,239.00 ",,,,,,
2017,GH ,1062," 102,773.00 ",,,,,,
2017,GT ,1062," 1,894.00 ",,,,,,
2017,HT ,1062," 52,099.00 ",,,,,,
2017,IN ,1062," 26,495.00 ",,,,,,
2017,IQ ,1062," 30,000.00 ",,,,,,
2017,JO ,1062," 62,978.00 ",,,,,,
2017,KE ,1062," 19,256.40 ",,,,,,
2017,KH ,1062," 24,586.00 ",,,,,,
2017,LK ,1062," 69,853.00 ",,,,,,
2017,ML ,1062," 32,500.00 ",,,,,,
2017,MM ,1062," 120,868.50 ",,,,,,
2017,MW ,1062," 29,660.00 ",,,,,,
2017,MX ,1062," 1,894.00 ",,,,,,
2017,PE ,1062," 14,566.00 ",,,,,,
2017,PH ,1062," 92,197.00 ",,,,,,
2017,PK ,1062," 13,256.40 ",,,,,,
2017,PS ,1062," 22,600.00 ",,,,,,
2017,RW ,1062," 2,875.00 ",,,,,,
2017,SD ,1062," 13,256.40 ",,,,,,
2017,SL ,1062," 42,728.00 ",,,,,,
2017,SN ,1062," 32,500.00 ",,,,,,
2017,SS ,1062," 13,256.40 ",,,,,,
2017,SV ,1062," 1,894.00 ",,,,,,
2017,TD ,1062," 13,256.40 ",,,,,,
2017,TH ,1062," 14,792.50 ",,,,,,
2017,TR ,1062," 25,510.00 ",,,,,,
2017,TZ ,1062," 29,925.00 ",,,,,,
2017,UG ,1062," 29,585.00 ",,,,,,
2017,ZW ,1062," 9,660.00 ",,,,,,
2017,AF ,1063," 30,860.00 ",,,,,,
2017,BD ,1063," 20,000.00 ",,,,,,
2017,BF ,1063," 15,000.00 ",,,,,,
2017,BI ,1063," 25,000.00 ",,,,,,
2017,BJ ,1063," 12,500.00 ",,,,,,
2017,BZ ,1063," 17,500.00 ",,,,,,
2017,CD ,1063," 10,000.00 ",,,,,,
2017,CM ,1063," 23,800.00 ",,,,,,
2017,CO ,1063," 8,000.00 ",,,,,,
2017,CR ,1063," 25,000.00 ",,,,,,
2017,EC ,1063," 70,000.00 ",,,,,,
2017,ER ,1063," 25,000.00 ",,,,,,
2017,ET ,1063," 156,575.00 ",,,,,,
2017,GH ,1063," 12,067.00 ",,,,,,
2017,GT ,1063," 24,300.00 ",,,,,,
2017,HN ,1063," 57,500.00 ",,,,,,
2017,HT ,1063," 25,000.00 ",,,,,,
2017,IN ,1063," 165,829.00 ",,,,,,
2017,KE ,1063," 35,375.00 ",,,,,,
2017,MM ,1063," 25,000.00 ",,,,,,
2017,MW ,1063," 75,000.00 ",,,,,,
2017,MX ,1063," 92,520.00 ",,,,,,
2017,MZ ,1063," 25,000.00 ",,,,,,
2017,NI ,1063," 37,250.00 ",,,,,,
2017,NP ,1063," 50,000.00 ",,,,,,
2017,PE ,1063," 75,810.00 ",,,,,,
2017,PH ,1063," 13,512.00 ",,,,,,
2017,PK ,1063," 32,930.00 ",,,,,,
2017,R25,1063," 75,000.00 ",,,,,,
2017,SL ,1063," 50,210.00 ",,,,,,
2017,SV ,1063," 25,000.00 ",,,,,,
2017,TG ,1063," 12,500.00 ",,,,,,
2017,TZ ,1063," 40,065.00 ",,,,,,
2017,UA ,1063," 24,339.00 ",,,,,,
2017,UG ,1063," 10,308.00 ",,,,,,
2017,VN ,1063," 25,000.00 ",,,,,,
2017,ZA ,1063," 45,000.00 ",,,,,,
2017,ZM ,1063," 6,250.00 ",,,,,,
2017,HT ,1064," 429,041.00 ",,,,,,
2017,R22,1064," 263,703.00 ",,,,,,
2017,R25,1064," 275,358.00 ",,,,,,
2017,R90,1064," 592,628.00 ",,,,,,
2017,UA ,1064," 77,049.00 ",,,,,,
2017,AF ,1067," 2,941,014.11 ",,,,,,
2017,AL ,1067," 94,211.51 ",,,,,,
2017,AM ,1067," 644,277.89 ",,,,,,
2017,AO ,1067," 2,099,508.24 ",,,,,,
2017,AZ ,1067," 440,299.81 ",,,,,,
2017,BA ,1067," 1,812,820.46 ",,,,,,
2017,BD ,1067," 36,815,195.24 ",,,,,,
2017,BF ,1067," 12,224,354.07 ",,,,,,
2017,BI ,1067," 1,211,270.97 ",,,,,,
2017,BJ ,1067," 4,629,817.04 ",,,,,,
2017,BO ,1067," 2,421,859.91 ",,,,,,
2017,BT ,1067," 72,066.81 ",,,,,,
2017,CD ,1067," 12,639,161.77 ",,,,,,
2017,CF ,1067," 1,377,359.99 ",,,,,,
2017,CG ,1067," 475,271.42 ",,,,,,
2017,CI ,1067," 6,536,044.25 ",,,,,,
2017,CM ,1067," 4,731,811.42 ",,,,,,
2017,CV ,1067," 77,871.88 ",,,,,,
2017,DJ ,1067," 302,907.13 ",,,,,,
2017,ET ,1067," 43,162,783.00 ",,,,,,
2017,FM ,1067," 318,689.09 ",,,,,,
2017,GD ,1067," 151,517.51 ",,,,,,
2017,GE ,1067," 660,102.23 ",,,,,,
2017,GH ,1067," 10,970,504.23 ",,,,,,
2017,GM ,1067," 673,564.25 ",,,,,,
2017,GN ,1067," 2,675,212.67 ",,,,,,
2017,GW ,1067," 320,875.39 ",,,,,,
2017,GY ,1067," 203,257.87 ",,,,,,
2017,HN ,1067," 880,464.85 ",,,,,,
2017,HT ,1067," 2,249,465.04 ",,,,,,
2017,IN ,1067," 58,028,356.82 ",,,,,,
2017,IQ ,1067," 238,072.19 ",,,,,,
2017,JO ,1067," 1,741,865.24 ",,,,,,
2017,KE ,1067," 16,164,462.99 ",,,,,,
2017,KG ,1067," 1,675,048.91 ",,,,,,
2017,KH ,1067," 253,939.15 ",,,,,,
2017,KI ,1067," 243,823.78 ",,,,,,
2017,KM ,1067," 213,105.93 ",,,,,,
2017,KV ,1067," 340,548.58 ",,,,,,
2017,LA ,1067," 1,922,117.04 ",,,,,,
2017,LC ,1067," 140,586.12 ",,,,,,
2017,LK ,1067," 8,490,418.99 ",,,,,,
2017,LR ,1067," 4,284,272.79 ",,,,,,
2017,LS ,1067," 675,243.60 ",,,,,,
2017,MD ,1067," 1,725,938.10 ",,,,,,
2017,MG ,1067," 5,241,898.80 ",,,,,,
2017,MH ,1067," 18,019.28 ",,,,,,
2017,ML ,1067," 3,756,785.59 ",,,,,,
2017,MM ,1067," 5,218,910.79 ",,,,,,
2017,MN ,1067," 399,080.08 ",,,,,,
2017,MR ,1067," 2,355,661.62 ",,,,,,
2017,MV ,1067," 154,401.71 ",,,,,,
2017,MW ,1067," 5,524,348.51 ",,,,,,
2017,MZ ,1067," 8,960,544.74 ",,,,,,
2017,NE ,1067," 7,419,475.87 ",,,,,,
2017,NG ,1067," 28,382,499.09 ",,,,,,
2017,NI ,1067," 2,001,326.96 ",,,,,,
2017,NP ,1067," 8,431,812.86 ",,,,,,
2017,PG ,1067," 1,173,304.71 ",,,,,,
2017,PK ,1067," 30,879,660.77 ",,,,,,
2017,R10,1067," 1,229,112.23 ",,,,,,
2017,R12,1067," 120,919.00 ",,,,,,
2017,R25,1067," 27,281.19 ",,,,,,
2017,R34,1067," 70,627.22 ",,,,,,
2017,R35,1067," 62,677.98 ",,,,,,
2017,R50,1067," 53,949.35 ",,,,,,
2017,RW ,1067," 8,268,567.84 ",,,,,,
2017,SB ,1067," 246,741.13 ",,,,,,
2017,SL ,1067," 977,878.38 ",,,,,,
2017,SN ,1067," 4,940,898.51 ",,,,,,
2017,SS ,1067," 508,419.79 ",,,,,,
2017,ST ,1067," 211,313.15 ",,,,,,
2017,TD ,1067," 3,294,034.15 ",,,,,,
2017,TG ,1067," 826,769.99 ",,,,,,
2017,TJ ,1067," 1,251,802.76 ",,,,,,
2017,TL ,1067," 519,104.56 ",,,,,,
2017,TO ,1067," 476,217.10 ",,,,,,
2017,TV ,1067," 287,515.98 ",,,,,,
2017,TZ ,1067," 15,486,520.08 ",,,,,,
2017,UG ,1067," 6,456,893.66 ",,,,,,
2017,UZ ,1067," 3,835,488.99 ",,,,,,
2017,VC ,1067," 66,493.41 ",,,,,,
2017,VN ,1067," 27,159,408.18 ",,,,,,
2017,VU ,1067," 142,570.07 ",,,,,,
2017,WS ,1067," 473,057.05 ",,,,,,
2017,YE ,1067," 1,385,044.90 ",,,,,,
2017,ZM ,1067," 3,370,562.74 ",,,,,,
2017,R12,1069," 3,471,112.80 ",,,,,,
2017,R21,1069," 56,930.55 ",,,,,,
2017,R22,1069," 4,446.96 ",,,,,,
2017,R30,1069," 252,068.70 ",,,,,,
2017,R90,1069," 1,726,038.00 ",,,,,,
2017,R90,1071," 1,009,440.00 ",,,,,,
2017,R90,1072," 396,139.86 ",,,,,,
2017,AF ,1073," 172,700.63 ",,,,,,
2017,AO ,1073," 212,304.57 ",,,,,,
2017,BD ,1073," 176,774.84 ",,,,,,
2017,BF ,1073," 160,861.40 ",,,,,,
2017,BI ,1073," 94,659.49 ",,,,,,
2017,BJ ,1073," 214,490.92 ",,,,,,
2017,BT ,1073," 124,813.68 ",,,,,,
2017,CD ,1073," 167,372.43 ",,,,,,
2017,CF ,1073," 107,747.81 ",,,,,,
2017,DJ ,1073," 138,371.76 ",,,,,,
2017,ET ,1073," 53,222.21 ",,,,,,
2017,GM ,1073," 183,562.30 ",,,,,,
2017,GN ,1073," 127,259.34 ",,,,,,
2017,GW ,1073," 17,758.84 ",,,,,,
2017,HT ,1073," 29,619.79 ",,,,,,
2017,KH ,1073," 158,317.43 ",,,,,,
2017,KI ,1073," 48,293.29 ",,,,,,
2017,KM ,1073," 109,549.76 ",,,,,,
2017,LA ,1073," 161,806.69 ",,,,,,
2017,LR ,1073," 73,099.07 ",,,,,,
2017,LS ,1073," 184,407.83 ",,,,,,
2017,MG ,1073," 189,937.02 ",,,,,,
2017,ML ,1073," 82,904.18 ",,,,,,
2017,MM ,1073," 54,172.60 ",,,,,,
2017,MR ,1073," 123,280.01 ",,,,,,
2017,MW ,1073," 209,393.54 ",,,,,,
2017,MZ ,1073," 103,701.84 ",,,,,,
2017,NE ,1073," 154,228.18 ",,,,,,
2017,NP ,1073," 154,626.80 ",,,,,,
2017,R30,1073," 28,544.48 ",,,,,,
2017,R90,1073," 6,379,122.70 ",,,,,,
2017,RW ,1073," 164,510.92 ",,,,,,
2017,SB ,1073," 153,756.78 ",,,,,,
2017,SD ,1073," 154,518.18 ",,,,,,
2017,SL ,1073," 118,826.72 ",,,,,,
2017,SN ,1073," 118,137.00 ",,,,,,
2017,SO ,1073," 86,893.40 ",,,,,,
2017,SS ,1073," 3,620.58 ",,,,,,
2017,ST ,1073," 86,893.40 ",,,,,,
2017,TD ,1073," 88,275.00 ",,,,,,
2017,TG ,1073," 155,180.20 ",,,,,,
2017,TL ,1073," 156,516.73 ",,,,,,
2017,TV ,1073," 45,619.03 ",,,,,,
2017,TZ ,1073," 43,446.70 ",,,,,,
2017,UG ,1073," 164,988.84 ",,,,,,
2017,VU ,1073," 148,587.71 ",,,,,,
2017,WS ,1073," 133,847.87 ",,,,,,
2017,YE ,1073," 162,056.19 ",,,,,,
2017,ZM ,1073," 153,095.30 ",,,,,,
2017,AF ,1076," 3,336,391.91 ",,,,,,
2017,AM ,1076," 417,869.85 ",,,,,,
2017,AR ,1076," 1,640.97 ",,,,,,
2017,AZ ,1076," 42,617.44 ",,,,,,
2017,BD ,1076," 6,704,739.77 ",,,,,,
2017,BO ,1076," 158,729.42 ",,,,,,
2017,BR ,1076," 4,352.01 ",,,,,,
2017,BT ,1076," 181,222.15 ",,,,,,
2017,BZ ,1076," 2,022,810.99 ",,,,,,
2017,CL ,1076," 2,062.36 ",,,,,,
2017,CN ,1076," 282,856.17 ",,,,,,
2017,CO ,1076," 4,032.47 ",,,,,,
2017,CR ,1076," 1,502.97 ",,,,,,
2017,DM ,1076," 1,353,105.00 ",,,,,,
2017,DO ,1076," 1,381.79 ",,,,,,
2017,EC ,1076," 2,094.96 ",,,,,,
2017,FJ ,1076," 48,490.14 ",,,,,,
2017,FM ,1076," 54,772.52 ",,,,,,
2017,GD ,1076," 1,186,055.00 ",,,,,,
2017,GE ,1076," 2,115,567.75 ",,,,,,
2017,GT ,1076," 4,188.48 ",,,,,,
2017,GY ,1076," 2,360,080.34 ",,,,,,
2017,HN ,1076," 62,236.12 ",,,,,,
2017,HT ,1076," 2,894,253.49 ",,,,,,
2017,ID ,1076," 281,399.25 ",,,,,,
2017,IN ,1076," 704,516.41 ",,,,,,
2017,JM ,1076," 2,506,643.74 ",,,,,,
2017,KG ,1076," 1,080,549.95 ",,,,,,
2017,KH ,1076," 2,724,867.93 ",,,,,,
2017,KI ,1076," 90,735.27 ",,,,,,
2017,KN ,1076," 684,905.00 ",,,,,,
2017,KZ ,1076," 36,926.73 ",,,,,,
2017,LA ,1076," 934,217.41 ",,,,,,
2017,LC ,1076," 1,687,205.00 ",,,,,,
2017,LK ,1076," 2,559,956.27 ",,,,,,
2017,MH ,1076," 10,234.60 ",,,,,,
2017,MM ,1076," 727,520.87 ",,,,,,
2017,MN ,1076," 553,102.55 ",,,,,,
2017,MS ,1076," 684,905.00 ",,,,,,
2017,MV ,1076," 185,750.39 ",,,,,,
2017,MX ,1076," 4,462.08 ",,,,,,
2017,MY ,1076," 1,725.12 ",,,,,,
2017,NI ,1076," 68,038.22 ",,,,,,
2017,NP ,1076," 3,639,228.33 ",,,,,,
2017,NR ,1076," 66,581.54 ",,,,,,
2017,PA ,1076," 1,618.51 ",,,,,,
2017,PE ,1076," 4,470.26 ",,,,,,
2017,PG ,1076," 716,668.89 ",,,,,,
2017,PH ,1076," 46,654.30 ",,,,,,
2017,PK ,1076," 7,599,404.28 ",,,,,,
2017,PW ,1076," 59,281.29 ",,,,,,
2017,PY ,1076," 12,359.53 ",,,,,,
2017,R10,1076," 106,134,134.60 ",,,,,,
2017,R21,1076," 24,614.05 ",,,,,,
2017,R22,1076," 4,158.27 ",,,,,,
2017,R30,1076," 1,175,520.06 ",,,,,,
2017,R90,1076," 304,796.42 ",,,,,,
2017,SB ,1076," 303,211.51 ",,,,,,
2017,SR ,1076," 34,603.09 ",,,,,,
2017,SV ,1076," 1,696.53 ",,,,,,
2017,TH ,1076," 9,096.97 ",,,,,,
2017,TJ ,1076," 2,062,640.28 ",,,,,,
2017,TL ,1076," 218,996.40 ",,,,,,
2017,TM ,1076, 280.54 ,,,,,,
2017,TO ,1076," 248,532.67 ",,,,,,
2017,TV ,1076," 16,007.35 ",,,,,,
2017,UY ,1076," 1,269.69 ",,,,,,
2017,UZ ,1076," 1,191,143.28 ",,,,,,
2017,VC ,1076," 1,353,105.00 ",,,,,,
2017,VE ,1076, 309.10 ,,,,,,
2017,VN ,1076," 7,011,551.87 ",,,,,,
2017,VU ,1076," 87,759.72 ",,,,,,
2017,WS ,1076," 161,534.78 ",,,,,,
2017,EC ,1078," 500,000.00 ",,,,,,
2017,HT ,1078," 300,000.00 ",,,,,,
2017,AF ,1081," 340,979.42 ",,,,,,
2017,AL ,1081," 10,922.83 ",,,,,,
2017,AM ,1081," 74,697.19 ",,,,,,
2017,AO ,1081," 243,415.73 ",,,,,,
2017,AZ ,1081," 51,048.10 ",,,,,,
2017,BA ,1081," 210,177.32 ",,,,,,
2017,BD ,1081," 4,268,331.78 ",,,,,,
2017,BF ,1081," 1,417,284.32 ",,,,,,
2017,BI ,1081," 140,434.03 ",,,,,,
2017,BJ ,1081," 536,778.23 ",,,,,,
2017,BO ,1081," 280,788.99 ",,,,,,
2017,BT ,1081," 8,355.38 ",,,,,,
2017,CD ,1081," 1,465,376.88 ",,,,,,
2017,CF ,1081," 159,690.30 ",,,,,,
2017,CG ,1081," 55,102.69 ",,,,,,
2017,CI ,1081," 757,785.07 ",,,,,,
2017,CM ,1081," 548,603.39 ",,,,,,
2017,CV ,1081," 9,028.42 ",,,,,,
2017,DJ ,1081," 35,118.87 ",,,,,,
2017,ET ,1081," 5,004,267.32 ",,,,,,
2017,FM ,1081," 36,948.62 ",,,,,,
2017,GD ,1081," 17,566.85 ",,,,,,
2017,GE ,1081," 76,531.86 ",,,,,,
2017,GH ,1081," 1,271,913.72 ",,,,,,
2017,GM ,1081," 78,092.64 ",,,,,,
2017,GN ,1081," 310,162.56 ",,,,,,
2017,GW ,1081," 37,202.10 ",,,,,,
2017,GY ,1081," 23,565.60 ",,,,,,
2017,HN ,1081," 102,080.57 ",,,,,,
2017,HT ,1081," 260,801.63 ",,,,,,
2017,IN ,1081," 6,727,773.08 ",,,,,,
2017,IQ ,1081," 27,601.95 ",,,,,,
2017,JO ,1081," 201,950.82 ",,,,,,
2017,KE ,1081," 1,874,098.20 ",,,,,,
2017,KG ,1081," 194,204.17 ",,,,,,
2017,KH ,1081," 29,441.55 ",,,,,,
2017,KI ,1081," 28,268.78 ",,,,,,
2017,KM ,1081," 24,707.37 ",,,,,,
2017,KV ,1081," 39,483.00 ",,,,,,
2017,LA ,1081," 222,849.10 ",,,,,,
2017,LC ,1081," 16,299.47 ",,,,,,
2017,LK ,1081," 984,374.11 ",,,,,,
2017,LR ,1081," 496,716.03 ",,,,,,
2017,LS ,1081," 78,287.34 ",,,,,,
2017,MD ,1081," 200,104.23 ",,,,,,
2017,MG ,1081," 607,742.62 ",,,,,,
2017,MH ,1081," 2,089.14 ",,,,,,
2017,ML ,1081," 435,559.48 ",,,,,,
2017,MM ,1081," 605,077.40 ",,,,,,
2017,MN ,1081," 46,269.11 ",,,,,,
2017,MR ,1081," 273,114.00 ",,,,,,
2017,MV ,1081," 17,901.24 ",,,,,,
2017,MW ,1081," 640,489.67 ",,,,,,
2017,MZ ,1081," 1,038,880.21 ",,,,,,
2017,NE ,1081," 860,209.61 ",,,,,,
2017,NG ,1081," 3,290,650.02 ",,,,,,
2017,NI ,1081," 232,032.65 ",,,,,,
2017,NP ,1081," 977,579.35 ",,,,,,
2017,PG ,1081," 136,032.25 ",,,,,,
2017,PK ,1081," 3,580,169.45 ",,,,,,
2017,R10,1081," 142,502.54 ",,,,,,
2017,R12,1081," 14,019.28 ",,,,,,
2017,R25,1081," 3,162.97 ",,,,,,
2017,R34,1081," 8,188.48 ",,,,,,
2017,R35,1081," 7,266.85 ",,,,,,
2017,R50,1081," 6,254.86 ",,,,,,
2017,RW ,1081," 958,652.82 ",,,,,,
2017,SB ,1081," 28,607.02 ",,,,,,
2017,SL ,1081," 113,374.64 ",,,,,,
2017,SN ,1081," 572,844.83 ",,,,,,
2017,SS ,1081," 58,945.89 ",,,,,,
2017,ST ,1081," 24,499.52 ",,,,,,
2017,TD ,1081," 381,908.35 ",,,,,,
2017,TG ,1081," 95,855.22 ",,,,,,
2017,TJ ,1081," 145,133.27 ",,,,,,
2017,TL ,1081," 60,184.67 ",,,,,,
2017,TO ,1081," 55,212.33 ",,,,,,
2017,TV ,1081," 33,334.43 ",,,,,,
2017,TZ ,1081," 1,795,497.90 ",,,,,,
2017,UG ,1081," 748,608.40 ",,,,,,
2017,UZ ,1081," 444,684.31 ",,,,,,
2017,VC ,1081," 7,709.21 ",,,,,,
2017,VN ,1081," 3,148,845.59 ",,,,,,
2017,VU ,1081," 16,529.49 ",,,,,,
2017,WS ,1081," 54,845.95 ",,,,,,
2017,YE ,1081," 160,581.28 ",,,,,,
2017,ZM ,1081," 390,781.03 ",,,,,,
2017,AF ,1086," 575,668.76 ",,,,,,
2017,AO ,1086," 707,681.91 ",,,,,,
2017,BD ,1086," 589,249.47 ",,,,,,
2017,BF ,1086," 536,204.67 ",,,,,,
2017,BI ,1086," 315,531.65 ",,,,,,
2017,BJ ,1086," 714,969.73 ",,,,,,
2017,BT ,1086," 416,045.59 ",,,,,,
2017,CD ,1086," 557,908.11 ",,,,,,
2017,CF ,1086," 359,159.38 ",,,,,,
2017,DJ ,1086," 461,239.20 ",,,,,,
2017,ET ,1086," 177,407.35 ",,,,,,
2017,GM ,1086," 611,874.34 ",,,,,,
2017,GN ,1086," 424,197.82 ",,,,,,
2017,GW ,1086," 59,196.13 ",,,,,,
2017,HT ,1086," 98,732.62 ",,,,,,
2017,KH ,1086," 527,724.78 ",,,,,,
2017,KI ,1086," 160,977.62 ",,,,,,
2017,KM ,1086," 365,165.88 ",,,,,,
2017,LA ,1086," 539,355.64 ",,,,,,
2017,LR ,1086," 243,663.57 ",,,,,,
2017,LS ,1086," 614,692.76 ",,,,,,
2017,MG ,1086," 633,123.40 ",,,,,,
2017,ML ,1086," 276,347.25 ",,,,,,
2017,MM ,1086," 180,575.34 ",,,,,,
2017,MR ,1086," 410,933.36 ",,,,,,
2017,MW ,1086," 697,978.45 ",,,,,,
2017,MZ ,1086," 345,672.80 ",,,,,,
2017,NE ,1086," 514,093.92 ",,,,,,
2017,NP ,1086," 515,422.67 ",,,,,,
2017,R10,1086," 14,700,000.00 ",,,,,,
2017,R20,1086," 4,410,000.00 ",,,,,,
2017,R30,1086," 7,445,148.27 ",,,,,,
2017,R40,1086," 2,940,000.00 ",,,,,,
2017,R90,1086," 144,822.33 ",,,,,,
2017,RW ,1086," 548,369.75 ",,,,,,
2017,SB ,1086," 512,522.60 ",,,,,,
2017,SD ,1086," 515,060.61 ",,,,,,
2017,SL ,1086," 396,089.07 ",,,,,,
2017,SN ,1086," 393,790.01 ",,,,,,
2017,SO ,1086," 289,644.66 ",,,,,,
2017,SS ,1086," 12,068.59 ",,,,,,
2017,ST ,1086," 289,644.66 ",,,,,,
2017,TD ,1086," 294,250.01 ",,,,,,
2017,TG ,1086," 517,267.34 ",,,,,,
2017,TL ,1086," 521,722.44 ",,,,,,
2017,TV ,1086," 152,063.45 ",,,,,,
2017,TZ ,1086," 144,822.33 ",,,,,,
2017,UG ,1086," 549,962.79 ",,,,,,
2017,VU ,1086," 495,292.36 ",,,,,,
2017,WS ,1086," 446,159.58 ",,,,,,
2017,YE ,1086," 540,187.29 ",,,,,,
2017,ZM ,1086," 510,317.68 ",,,,,,
2017,R90,1094," 719,589.00 ",,,,,,
2017,MX ,1096," 175,000.00 ",,,,,,
2017,UA ,1096," 400,000.00 ",,,,,,
2017,VN ,1096," 400,000.00 ",,,,,,
2017,AF ,1108," 1,666,000.00 ",,,,,,
2017,BD ,1108," 3,703,878.75 ",,,,,,
2017,BF ,1108," 2,835,250.00 ",,,,,,
2017,BI ,1108," 1,167,250.00 ",,,,,,
2017,BJ ,1108," 1,823,644.50 ",,,,,,
2017,CD ,1108," 3,817,250.00 ",,,,,,
2017,CF ,1108," 1,167,250.00 ",,,,,,
2017,CI ,1108," 1,167,250.00 ",,,,,,
2017,CM ,1108," 1,167,250.00 ",,,,,,
2017,ET ,1108," 8,616,742.40 ",,,,,,
2017,GN ,1108," 1,167,250.00 ",,,,,,
2017,HT ,1108," 243,632.96 ",,,,,,
2017,ID ,1108," 1,934,433.92 ",,,,,,
2017,IN ,1108," 1,786,549.54 ",,,,,,
2017,KE ,1108," 1,893,000.00 ",,,,,,
2017,KH ,1108," 227,585.28 ",,,,,,
2017,MG ,1108," 1,167,250.00 ",,,,,,
2017,ML ,1108," 4,617,094.50 ",,,,,,
2017,MW ,1108," 1,443,000.00 ",,,,,,
2017,MZ ,1108," 2,147,278.75 ",,,,,,
2017,NA ,1108," 249,468.48 ",,,,,,
2017,NE ,1108," 1,668,000.00 ",,,,,,
2017,NG ,1108," 2,943,500.00 ",,,,,,
2017,NP ,1108," 1,696,137.39 ",,,,,,
2017,PE ,1108," 134,216.96 ",,,,,,
2017,PK ,1108," 1,891,000.00 ",,,,,,
2017,R10,1108," 96,464,301.78 ",,,,,,
2017,R11,1108," 187,087.20 ",,,,,,
2017,R12,1108," 4,083,768.90 ",,,,,,
2017,R13,1108," 262,500.00 ",,,,,,
2017,R15,1108," 350,000.00 ",,,,,,
2017,R16,1108," 87,500.00 ",,,,,,
2017,R20,1108," 36,520,275.01 ",,,,,,
2017,R30,1108," 213,648,130.32 ",,,,,,
2017,R31,1108," 2,132,710.46 ",,,,,,
2017,R40,1108," 6,195,510.01 ",,,,,,
2017,R50,1108," 7,665,222.70 ",,,,,,
2017,R90,1108," 1,310,727.45 ",,,,,,
2017,SD ,1108," 225,000.00 ",,,,,,
2017,SL ,1108," 1,165,500.00 ",,,,,,
2017,SN ,1108," 1,943,500.00 ",,,,,,
2017,SS ,1108," 1,668,000.00 ",,,,,,
2017,TD ,1108," 2,692,250.00 ",,,,,,
2017,TG ,1108," 1,165,500.00 ",,,,,,
2017,TZ ,1108," 1,824,807.50 ",,,,,,
2017,UG ,1108," 138,750.00 ",,,,,,
2017,YE ,1108," 2,500,000.00 ",,,,,,
2017,R12,1110," 503,832.00 ",,,,,,
2017,UA ,1110," 215,896.00 ",,,,,,
2017,ZA ,1110," 35,822.00 ",,,,,,
2017,AF ,1111," 11,469.04 ",,,,,,
2017,AL ,1111," 89,815.70 ",,,,,,
2017,AM ,1111," 15,250.42 ",,,,,,
2017,AO ,1111," 29,475.01 ",,,,,,
2017,AR ,1111," 41,856.91 ",,,,,,
2017,AZ ,1111," 22,339.22 ",,,,,,
2017,BA ,1111," 10,266.92 ",,,,,,
2017,BD ,1111," 93,536.56 ",,,,,,
2017,BF ,1111," 35,180.97 ",,,,,,
2017,BI ,1111," 19,432.03 ",,,,,,
2017,BJ ,1111," 49,577.57 ",,,,,,
2017,BO ,1111," 15,508.33 ",,,,,,
2017,BR ,1111," 57,777.99 ",,,,,,
2017,BW ,1111," 31,106.31 ",,,,,,
2017,BY ,1111," 29,941.45 ",,,,,,
2017,BZ ,1111," 17,789.01 ",,,,,,
2017,CD ,1111," 32,834.42 ",,,,,,
2017,CF ,1111," 23,401.46 ",,,,,,
2017,CG ,1111, 635.07 ,,,,,,
2017,CI ,1111," 16,054.86 ",,,,,,
2017,CL ,1111," 83,023.27 ",,,,,,
2017,CM ,1111," 28,022.66 ",,,,,,
2017,CN ,1111," 73,486.21 ",,,,,,
2017,CO ,1111," 73,019.31 ",,,,,,
2017,CR ,1111," 79,999.35 ",,,,,,
2017,CU ,1111," 127,973.84 ",,,,,,
2017,DJ ,1111," 7,560.24 ",,,,,,
2017,DO ,1111," 9,828.06 ",,,,,,
2017,DZ ,1111," 51,538.00 ",,,,,,
2017,EC ,1111," 87,241.51 ",,,,,,
2017,EG ,1111," 54,009.24 ",,,,,,
2017,ER ,1111," 11,147.52 ",,,,,,
2017,ET ,1111," 88,020.69 ",,,,,,
2017,FJ ,1111," 10,010.12 ",,,,,,
2017,GA ,1111," 15,394.68 ",,,,,,
2017,GE ,1111," 26,972.37 ",,,,,,
2017,GH ,1111," 64,961.56 ",,,,,,
2017,GT ,1111," 32,587.09 ",,,,,,
2017,HN ,1111," 9,670.48 ",,,,,,
2017,HT ,1111," 13,227.19 ",,,,,,
2017,ID ,1111," 41,967.50 ",,,,,,
2017,IQ ,1111," 27,115.03 ",,,,,,
2017,IR ,1111," 24,131.50 ",,,,,,
2017,JM ,1111," 29,565.34 ",,,,,,
2017,JO ,1111," 46,648.08 ",,,,,,
2017,KE ,1111," 56,685.94 ",,,,,,
2017,KG ,1111," 8,923.96 ",,,,,,
2017,KH ,1111," 43,411.88 ",,,,,,
2017,KZ ,1111," 38,521.05 ",,,,,,
2017,LA ,1111," 13,925.27 ",,,,,,
2017,LB ,1111," 59,783.92 ",,,,,,
2017,LK ,1111," 51,764.97 ",,,,,,
2017,LS ,1111," 22,176.08 ",,,,,,
2017,LY ,1111," 5,508.97 ",,,,,,
2017,MA ,1111," 78,045.06 ",,,,,,
2017,MD ,1111, 642.87 ,,,,,,
2017,ME ,1111," 11,584.86 ",,,,,,
2017,MG ,1111," 30,509.03 ",,,,,,
2017,MH ,1111," 19,076.05 ",,,,,,
2017,MK ,1111," 65,821.86 ",,,,,,
2017,ML ,1111," 13,477.94 ",,,,,,
2017,MM ,1111," 38,268.49 ",,,,,,
2017,MN ,1111," 64,224.58 ",,,,,,
2017,MR ,1111," 81,467.28 ",,,,,,
2017,MU ,1111," 36,179.05 ",,,,,,
2017,MW ,1111," 15,958.62 ",,,,,,
2017,MX ,1111," 31,584.35 ",,,,,,
2017,MY ,1111," 45,903.03 ",,,,,,
2017,MZ ,1111," 54,431.88 ",,,,,,
2017,NA ,1111," 20,119.63 ",,,,,,
2017,NE ,1111," 24,895.90 ",,,,,,
2017,NG ,1111," 57,797.44 ",,,,,,
2017,NI ,1111," 30,099.24 ",,,,,,
2017,NP ,1111," 49,059.25 ",,,,,,
2017,PA ,1111," 16,221.65 ",,,,,,
2017,PE ,1111," 63,292.83 ",,,,,,
2017,PG ,1111," 20,600.75 ",,,,,,
2017,PH ,1111," 43,751.13 ",,,,,,
2017,PK ,1111," 54,722.22 ",,,,,,
2017,PS ,1111," 10,052.73 ",,,,,,
2017,PW ,1111," 8,358.15 ",,,,,,
2017,PY ,1111," 47,289.04 ",,,,,,
2017,R10,1111," 1,118,326.23 ",,,,,,
2017,R22,1111," 812,067.53 ",,,,,,
2017,R30,1111," 899,612.11 ",,,,,,
2017,R40,1111," 597,914.31 ",,,,,,
2017,R90,1111," 618,086.28 ",,,,,,
2017,RS ,1111," 69,390.95 ",,,,,,
2017,RW ,1111," 7,130.13 ",,,,,,
2017,SC ,1111," 21,869.93 ",,,,,,
2017,SD ,1111," 30,694.81 ",,,,,,
2017,SL ,1111," 38,261.89 ",,,,,,
2017,SN ,1111," 30,010.96 ",,,,,,
2017,SV ,1111," 44,703.58 ",,,,,,
2017,SY ,1111," 19,821.00 ",,,,,,
2017,SZ ,1111," 1,768.39 ",,,,,,
2017,TD ,1111," 24,376.67 ",,,,,,
2017,TG ,1111," 12,587.37 ",,,,,,
2017,TH ,1111," 50,840.84 ",,,,,,
2017,TJ ,1111," 31,827.81 ",,,,,,
2017,TN ,1111," 24,962.34 ",,,,,,
2017,TZ ,1111," 55,711.53 ",,,,,,
2017,UA ,1111," 33,541.71 ",,,,,,
2017,UG ,1111," 50,298.63 ",,,,,,
2017,UY ,1111," 25,346.41 ",,,,,,
2017,UZ ,1111," 171,252.95 ",,,,,,
2017,VE ,1111," 34,099.62 ",,,,,,
2017,VN ,1111," 54,225.17 ",,,,,,
2017,YE ,1111," 39,472.48 ",,,,,,
2017,ZA ,1111," 50,532.42 ",,,,,,
2017,ZM ,1111," 42,293.66 ",,,,,,
2017,ZW ,1111," 34,019.87 ",,,,,,
2017,R90,1114," 5,000,000.00 ",,,,,,
2017,AO ,1115," 33,962.49 ",,,,,,
2017,AR ,1115," 19,891.48 ",,,,,,
2017,BD ,1115," 5,665.92 ",,,,,,
2017,BF ,1115," 16,451.05 ",,,,,,
2017,BI ,1115," 12,805.82 ",,,,,,
2017,BJ ,1115," 12,600.88 ",,,,,,
2017,BO ,1115, 310.75 ,,,,,,
2017,BR ,1115," 15,634.37 ",,,,,,
2017,BT ,1115, 49.73 ,,,,,,
2017,BW ,1115," 19,662.05 ",,,,,,
2017,BY ,1115, 343.70 ,,,,,,
2017,CD ,1115," 45,520.34 ",,,,,,
2017,CF ,1115," 16,798.12 ",,,,,,
2017,CG ,1115," 14,460.00 ",,,,,,
2017,CI ,1115," 20,927.04 ",,,,,,
2017,CL ,1115, 20.04 ,,,,,,
2017,CM ,1115," 19,127.42 ",,,,,,
2017,CN ,1115," 30,196.69 ",,,,,,
2017,CO ,1115," 4,243.45 ",,,,,,
2017,CR ,1115, 67.65 ,,,,,,
2017,DJ ,1115," 10,061.79 ",,,,,,
2017,DO ,1115," 10,353.76 ",,,,,,
2017,DZ ,1115," 4,851.32 ",,,,,,
2017,EC ,1115, 31.21 ,,,,,,
2017,EG ,1115," 2,761.66 ",,,,,,
2017,ER ,1115," 1,444.90 ",,,,,,
2017,ET ,1115," 21,500.97 ",,,,,,
2017,FJ ,1115," 13,274.99 ",,,,,,
2017,GA ,1115," 12,280.20 ",,,,,,
2017,GH ,1115," 20,751.79 ",,,,,,
2017,GM ,1115," 1,996.75 ",,,,,,
2017,GN ,1115," 10,187.12 ",,,,,,
2017,GQ ,1115," 6,522.99 ",,,,,,
2017,GT ,1115," 27,496.89 ",,,,,,
2017,GW ,1115, 180.22 ,,,,,,
2017,GY ,1115," 17,911.78 ",,,,,,
2017,HN ,1115," 12,192.15 ",,,,,,
2017,HT ,1115," 32,095.00 ",,,,,,
2017,ID ,1115," 19,927.89 ",,,,,,
2017,IN ,1115," 34,921.50 ",,,,,,
2017,IR ,1115," 9,115.26 ",,,,,,
2017,JM ,1115," 13,078.84 ",,,,,,
2017,KE ,1115," 35,746.65 ",,,,,,
2017,KG ,1115, 373.66 ,,,,,,
2017,KH ,1115," 16,962.71 ",,,,,,
2017,KZ ,1115," 20,578.55 ",,,,,,
2017,LA ,1115," 1,747.23 ",,,,,,
2017,LK ,1115," 1,240.57 ",,,,,,
2017,LR ,1115," 15,910.83 ",,,,,,
2017,LS ,1115," 13,861.50 ",,,,,,
2017,MA ,1115," 11,979.15 ",,,,,,
2017,MD ,1115," 1,618.78 ",,,,,,
2017,MG ,1115," 14,049.88 ",,,,,,
2017,ML ,1115," 11,034.56 ",,,,,,
2017,MM ,1115," 25,438.68 ",,,,,,
2017,MN ,1115, 14.44 ,,,,,,
2017,MR ,1115," 3,546.79 ",,,,,,
2017,MW ,1115," 26,819.26 ",,,,,,
2017,MX ,1115, 136.25 ,,,,,,
2017,MY ,1115, 126.51 ,,,,,,
2017,MZ ,1115," 31,343.97 ",,,,,,
2017,NA ,1115," 17,124.18 ",,,,,,
2017,NE ,1115," 10,250.27 ",,,,,,
2017,NG ,1115," 62,666.51 ",,,,,,
2017,NI ,1115, 58.68 ,,,,,,
2017,NP ,1115," 11,315.32 ",,,,,,
2017,PA ,1115, 115.61 ,,,,,,
2017,PE ,1115," 15,963.05 ",,,,,,
2017,PG ,1115," 29,967.97 ",,,,,,
2017,PH ,1115," 8,628.05 ",,,,,,
2017,PK ,1115," 17,721.53 ",,,,,,
2017,PY ,1115, 23.78 ,,,,,,
2017,R10,1115," 100,835.39 ",,,,,,
2017,R12,1115," 80,213.55 ",,,,,,
2017,R22,1115," 85,954.68 ",,,,,,
2017,R30,1115," 95,079.09 ",,,,,,
2017,R31,1115," 37,518.86 ",,,,,,
2017,R40,1115," 73,142.05 ",,,,,,
2017,R90,1115," 3,044,541.71 ",,,,,,
2017,RW ,1115," 18,169.74 ",,,,,,
2017,SD ,1115," 10,999.61 ",,,,,,
2017,SL ,1115," 16,878.17 ",,,,,,
2017,SN ,1115," 2,836.78 ",,,,,,
2017,SO ,1115," 7,971.36 ",,,,,,
2017,SS ,1115," 22,981.91 ",,,,,,
2017,SV ,1115," 3,049.37 ",,,,,,
2017,SZ ,1115," 25,444.02 ",,,,,,
2017,TD ,1115," 14,640.35 ",,,,,,
2017,TG ,1115," 11,501.73 ",,,,,,
2017,TH ,1115," 18,816.52 ",,,,,,
2017,TJ ,1115," 1,493.67 ",,,,,,
2017,TN ,1115," 1,454.74 ",,,,,,
2017,TZ ,1115," 30,324.22 ",,,,,,
2017,UA ,1115," 26,097.38 ",,,,,,
2017,UG ,1115," 19,774.92 ",,,,,,
2017,UY ,1115, 36.30 ,,,,,,
2017,UZ ,1115," 4,267.37 ",,,,,,
2017,VE ,1115," 1,175.67 ",,,,,,
2017,VN ,1115," 17,864.06 ",,,,,,
2017,YE ,1115," 3,488.50 ",,,,,,
2017,ZA ,1115," 45,554.05 ",,,,,,
2017,ZM ,1115," 28,402.74 ",,,,,,
2017,ZW ,1115," 31,448.58 ",,,,,,
2017,R10,1117," 570,000.00 ",,,,,,
2017,R20,1117," 95,000.00 ",,,,,,
2017,R30,1117," 285,000.00 ",,,,,,
2017,AF ,1118," 2,549,311.53 ",,,,,,
2017,AM ,1118," 82,823.24 ",,,,,,
2017,AO ,1118," 280,689.44 ",,,,,,
2017,AZ ,1118," 12,722.96 ",,,,,,
2017,BD ,1118," 5,704,845.25 ",,,,,,
2017,BF ,1118," 2,036,462.01 ",,,,,,
2017,BI ,1118," 1,300,877.73 ",,,,,,
2017,BJ ,1118," 537,644.13 ",,,,,,
2017,BO ,1118," 122,232.01 ",,,,,,
2017,BT ,1118, 133.70 ,,,,,,
2017,CD ,1118," 5,561,137.17 ",,,,,,
2017,CF ,1118," 492,449.01 ",,,,,,
2017,CG ,1118," 325,068.93 ",,,,,,
2017,CI ,1118," 608,244.85 ",,,,,,
2017,CM ,1118," 621,217.28 ",,,,,,
2017,CU ,1118," 23,303.77 ",,,,,,
2017,DJ ,1118," 39,183.20 ",,,,,,
2017,ER ,1118," 198,239.65 ",,,,,,
2017,ET ,1118," 6,311,117.50 ",,,,,,
2017,GE ,1118," 63,250.32 ",,,,,,
2017,GH ,1118," 1,567,678.27 ",,,,,,
2017,GM ,1118," 125,622.26 ",,,,,,
2017,GN ,1118," 101,231.73 ",,,,,,
2017,GW ,1118," 236,986.65 ",,,,,,
2017,GY ,1118," 13,989.73 ",,,,,,
2017,HN ,1118," 249,321.96 ",,,,,,
2017,HT ,1118," 170,782.28 ",,,,,,
2017,ID ,1118," 311,090.40 ",,,,,,
2017,IN ,1118," 10,089,744.02 ",,,,,,
2017,KE ,1118," 2,284,148.23 ",,,,,,
2017,KG ,1118," 114,939.13 ",,,,,,
2017,KH ,1118," 812,352.27 ",,,,,,
2017,KI ,1118, 45.56 ,,,,,,
2017,KM ,1118," 47,494.13 ",,,,,,
2017,KP ,1118," 325,458.82 ",,,,,,
2017,LA ,1118," 330,112.10 ",,,,,,
2017,LK ,1118,"-1,384.78 ",,,,,,
2017,LR ,1118," 167,775.20 ",,,,,,
2017,LS ,1118," 120,745.65 ",,,,,,
2017,MD ,1118," 1,874.01 ",,,,,,
2017,MG ,1118," 1,437,190.60 ",,,,,,
2017,ML ,1118," 2,592,509.40 ",,,,,,
2017,MM ,1118," 1,468,473.67 ",,,,,,
2017,MN ,1118,"-4,679.43 ",,,,,,
2017,MR ,1118," 147,202.90 ",,,,,,
2017,MW ,1118," 1,753,979.97 ",,,,,,
2017,MZ ,1118," 2,058,672.29 ",,,,,,
2017,NE ,1118," 1,741,762.67 ",,,,,,
2017,NG ,1118," 9,591,602.01 ",,,,,,
2017,NI ,1118," 191,241.05 ",,,,,,
2017,NP ,1118," 1,240,470.18 ",,,,,,
2017,PG ,1118," 128,591.25 ",,,,,,
2017,PK ,1118," 9,483,226.78 ",,,,,,
2017,R90,1118," 6,539,971.73 ",,,,,,
2017,RW ,1118," 509,947.75 ",,,,,,
2017,SB ,1118," 19,991.95 ",,,,,,
2017,SD ,1118," 2,557,689.68 ",,,,,,
2017,SL ,1118," 210,595.88 ",,,,,,
2017,SN ,1118," 1,026,982.24 ",,,,,,
2017,SO ,1118," 109,270.78 ",,,,,,
2017,SS ,1118," 37,761.07 ",,,,,,
2017,ST ,1118," 43,512.32 ",,,,,,
2017,TD ,1118," 749,349.18 ",,,,,,
2017,TG ,1118," 286,551.23 ",,,,,,
2017,TJ ,1118," 185,914.79 ",,,,,,
2017,TL ,1118," 6,565.39 ",,,,,,
2017,TZ ,1118," 2,552,795.89 ",,,,,,
2017,UG ,1118," 3,880,440.84 ",,,,,,
2017,UZ ,1118," 876,570.59 ",,,,,,
2017,VN ,1118," 847,620.89 ",,,,,,
2017,YE ,1118," 1,677,426.34 ",,,,,,
2017,ZM ,1118," 1,398,352.48 ",,,,,,
2017,ZW ,1118," 711,484.29 ",,,,,,
2017,R10,1124," 800,000.00 ",,,,,,
2017,R20,1124," 600,000.00 ",,,,,,
2017,R30,1124," 600,000.00 ",,,,,,
2017,AF ,1134," 84,703,449.88 ",,,,,,
2017,BD ,1134," 31,581,241.87 ",,,,,,
2017,BF ,1134," 17,863,812.58 ",,,,,,
2017,BI ,1134," 290,828.85 ",,,,,,
2017,BJ ,1134," 9,260,456.35 ",,,,,,
2017,BO ,1134," 6,315,520.87 ",,,,,,
2017,CD ,1134," 11,897,005.35 ",,,,,,
2017,CF ,1134," 450,000.00 ",,,,,,
2017,CI ,1134," 903,000.00 ",,,,,,
2017,CL ,1134," 294,998.70 ",,,,,,
2017,CM ,1134," 494,123.43 ",,,,,,
2017,CO ,1134," 46,569,961.53 ",,,,,,
2017,CR ,1134," 280,000.00 ",,,,,,
2017,CU ,1134," 2,578,128.73 ",,,,,,
2017,DO ,1134," 280,000.00 ",,,,,,
2017,EC ,1134," 374,962.50 ",,,,,,
2017,EG ,1134," 9,101,169.78 ",,,,,,
2017,ET ,1134," 80,112,541.31 ",,,,,,
2017,GH ,1134," 52,322,822.92 ",,,,,,
2017,GN ,1134," 1,840,696.41 ",,,,,,
2017,GT ,1134," 5,546,697.25 ",,,,,,
2017,GY ,1134," 616,476.50 ",,,,,,
2017,HN ,1134," 17,534,686.43 ",,,,,,
2017,HT ,1134," 57,654,890.02 ",,,,,,
2017,ID ,1134," 21,930,487.56 ",,,,,,
2017,IQ ,1134," 6,210,180.19 ",,,,,,
2017,JM ,1134," 6,809,634.42 ",,,,,,
2017,JO ,1134," 60,579,041.44 ",,,,,,
2017,KE ,1134," 14,266,884.99 ",,,,,,
2017,LB ,1134," 8,900,000.00 ",,,,,,
2017,LK ,1134," 5,159,207.00 ",,,,,,
2017,LR ,1134," 1,650,000.00 ",,,,,,
2017,MA ,1134," 7,979,919.00 ",,,,,,
2017,MG ,1134," 494,123.43 ",,,,,,
2017,ML ,1134," 80,303,603.64 ",,,,,,
2017,MM ,1134," 12,125,187.00 ",,,,,,
2017,MN ,1134," 5,825,988.05 ",,,,,,
2017,MW ,1134," 120,000.00 ",,,,,,
2017,MX ,1134," 1,014,998.70 ",,,,,,
2017,MZ ,1134," 36,919,513.83 ",,,,,,
2017,NG ,1134," 22,159,219.61 ",,,,,,
2017,NI ,1134," 9,203,512.73 ",,,,,,
2017,PA ,1134," 280,000.00 ",,,,,,
2017,PE ,1134," 20,448,392.20 ",,,,,,
2017,PH ,1134," 12,426,246.07 ",,,,,,
2017,PK ,1134," 19,657,620.26 ",,,,,,
2017,PS ,1134," 34,202,711.02 ",,,,,,
2017,PY ,1134," 374,962.50 ",,,,,,
2017,R10,1134," 21,207,908.18 ",,,,,,
2017,R11,1134," 919,650.67 ",,,,,,
2017,R12,1134," 30,344,855.26 ",,,,,,
2017,R13,1134," 5,726,714.66 ",,,,,,
2017,R14,1134," 61,569.38 ",,,,,,
2017,R15,1134," 1,678,917.78 ",,,,,,
2017,R20,1134," 29,163,295.52 ",,,,,,
2017,R21,1134," 3,000,000.00 ",,,,,,
2017,R22,1134," 4,123,428.42 ",,,,,,
2017,R25,1134," 32,599,896.72 ",,,,,,
2017,R30,1134," 25,842,240.33 ",,,,,,
2017,R31,1134," 6,586,829.49 ",,,,,,
2017,R35,1134," 4,268,567.60 ",,,,,,
2017,R40,1134," 1,860,698.09 ",,,,,,
2017,R50,1134," 18,179.66 ",,,,,,
2017,R90,1134," 209,815.51 ",,,,,,
2017,RW ,1134," 384,714.75 ",,,,,,
2017,SL ,1134," 120,000.00 ",,,,,,
2017,SN ,1134," 48,081,718.30 ",,,,,,
2017,SR ,1134," 374,962.50 ",,,,,,
2017,SS ,1134," 58,362,348.00 ",,,,,,
2017,SV ,1134," 566,560.00 ",,,,,,
2017,SY ,1134," 4,807,456.00 ",,,,,,
2017,TN ,1134," 363,000.00 ",,,,,,
2017,TZ ,1134," 65,124,553.16 ",,,,,,
2017,UA ,1134," 34,075,472.16 ",,,,,,
2017,UG ,1134," 915,543.60 ",,,,,,
2017,VN ,1134," 15,036,530.49 ",,,,,,
2017,ZA ,1134," 3,004,393.13 ",,,,,,
2017,ZM ,1134," 273,885.90 ",,,,,,
2017,ZW ,1134," 300,000.00 ",,,,,,
2017,AF ,1135," 186,766.73 ",,,,,,
2017,AL ,1135," 105,937.03 ",,,,,,
2017,AM ,1135," 112,724.01 ",,,,,,
2017,AO ,1135," 87,028.08 ",,,,,,
2017,AR ,1135," 75,458.01 ",,,,,,
2017,AZ ,1135," 85,425.30 ",,,,,,
2017,BA ,1135," 126,320.54 ",,,,,,
2017,BD ,1135," 198,055.30 ",,,,,,
2017,BF ,1135," 84,375.05 ",,,,,,
2017,BI ,1135," 96,464.24 ",,,,,,
2017,BJ ,1135," 84,375.05 ",,,,,,
2017,BO ,1135," 86,846.28 ",,,,,,
2017,BR ,1135," 158,556.20 ",,,,,,
2017,BT ,1135," 113,497.12 ",,,,,,
2017,BW ,1135," 87,028.08 ",,,,,,
2017,BY ,1135," 123,699.01 ",,,,,,
2017,BZ ,1135," 101,500.00 ",,,,,,
2017,CD ,1135," 132,636.18 ",,,,,,
2017,CF ,1135," 84,652.49 ",,,,,,
2017,CG ,1135," 132,636.18 ",,,,,,
2017,CI ,1135," 90,221.00 ",,,,,,
2017,CL ,1135," 294,962.00 ",,,,,,
2017,CM ,1135," 84,652.49 ",,,,,,
2017,CN ,1135," 338,845.26 ",,,,,,
2017,CO ,1135," 144,415.77 ",,,,,,
2017,CR ,1135," 118,908.76 ",,,,,,
2017,CU ,1135," 221,469.69 ",,,,,,
2017,CV ,1135," 40,321.25 ",,,,,,
2017,DJ ,1135," 116,842.50 ",,,,,,
2017,DO ,1135," 152,875.11 ",,,,,,
2017,DZ ,1135," 151,500.00 ",,,,,,
2017,EC ,1135," 218,970.00 ",,,,,,
2017,EG ,1135," 198,500.00 ",,,,,,
2017,ET ,1135," 116,842.50 ",,,,,,
2017,GA ,1135," 83,389.02 ",,,,,,
2017,GE ,1135," 99,662.85 ",,,,,,
2017,GH ,1135," 80,261.91 ",,,,,,
2017,GM ,1135," 40,321.25 ",,,,,,
2017,GN ,1135," 40,321.25 ",,,,,,
2017,GQ ,1135," 76,441.02 ",,,,,,
2017,GT ,1135," 101,500.00 ",,,,,,
2017,GW ,1135," 40,321.25 ",,,,,,
2017,GY ,1135," 60,248.50 ",,,,,,
2017,HN ,1135," 118,908.76 ",,,,,,
2017,HT ,1135," 351,994.98 ",,,,,,
2017,ID ,1135," 174,604.04 ",,,,,,
2017,IN ,1135," 113,497.12 ",,,,,,
2017,IQ ,1135," 149,233.51 ",,,,,,
2017,JM ,1135," 87,387.00 ",,,,,,
2017,JO ,1135," 149,233.51 ",,,,,,
2017,KE ,1135," 96,464.24 ",,,,,,
2017,KH ,1135," 107,717.61 ",,,,,,
2017,KV ,1135," 92,444.00 ",,,,,,
2017,KZ ,1135," 118,232.51 ",,,,,,
2017,LA ,1135," 107,717.61 ",,,,,,
2017,LB ,1135," 311,141.34 ",,,,,,
2017,LK ,1135," 96,381.55 ",,,,,,
2017,LR ,1135," 90,221.00 ",,,,,,
2017,LS ,1135," 83,286.93 ",,,,,,
2017,LY ,1135," 109,094.08 ",,,,,,
2017,MA ,1135," 91,304.02 ",,,,,,
2017,MD ,1135," 138,500.00 ",,,,,,
2017,ME ,1135," 59,938.54 ",,,,,,
2017,MG ,1135," 83,286.93 ",,,,,,
2017,MK ,1135," 59,938.54 ",,,,,,
2017,ML ,1135," 77,496.16 ",,,,,,
2017,MM ,1135," 198,944.86 ",,,,,,
2017,MN ,1135," 181,926.48 ",,,,,,
2017,MR ,1135," 91,304.02 ",,,,,,
2017,MU ,1135," 83,286.93 ",,,,,,
2017,MV ,1135," 96,381.55 ",,,,,,
2017,MW ,1135," 85,547.84 ",,,,,,
2017,MX ,1135," 339,742.27 ",,,,,,
2017,MY ,1135," 109,322.82 ",,,,,,
2017,MZ ,1135," 86,844.02 ",,,,,,
2017,NA ,1135," 83,286.93 ",,,,,,
2017,NE ,1135," 77,496.16 ",,,,,,
2017,NG ,1135," 76,441.02 ",,,,,,
2017,NI ,1135," 118,730.49 ",,,,,,
2017,NP ,1135," 111,803.14 ",,,,,,
2017,PA ,1135," 95,000.00 ",,,,,,
2017,PE ,1135," 86,846.28 ",,,,,,
2017,PH ,1135," 198,455.36 ",,,,,,
2017,PK ,1135," 172,831.50 ",,,,,,
2017,PS ,1135," 158,473.11 ",,,,,,
2017,PY ,1135," 75,458.01 ",,,,,,
2017,R25,1135," 210,958.43 ",,,,,,
2017,R35,1135," 88,092.10 ",,,,,,
2017,R50,1135," 591,668.63 ",,,,,,
2017,RS ,1135," 59,043.93 ",,,,,,
2017,RW ,1135," 96,464.24 ",,,,,,
2017,SD ,1135," 86,775.64 ",,,,,,
2017,SL ,1135," 79,063.97 ",,,,,,
2017,SN ,1135," 40,321.25 ",,,,,,
2017,SO ,1135," 96,464.24 ",,,,,,
2017,SR ,1135," 60,248.50 ",,,,,,
2017,SS ,1135," 69,270.00 ",,,,,,
2017,ST ,1135," 75,300.11 ",,,,,,
2017,SV ,1135," 285,750.00 ",,,,,,
2017,SZ ,1135," 86,844.02 ",,,,,,
2017,TD ,1135," 86,775.64 ",,,,,,
2017,TG ,1135," 80,261.91 ",,,,,,
2017,TH ,1135," 106,109.88 ",,,,,,
2017,TJ ,1135," 118,232.51 ",,,,,,
2017,TL ,1135," 174,604.04 ",,,,,,
2017,TN ,1135," 174,494.00 ",,,,,,
2017,TR ,1135," 99,662.85 ",,,,,,
2017,TZ ,1135," 122,297.58 ",,,,,,
2017,UA ,1135," 271,100.46 ",,,,,,
2017,UG ,1135," 96,464.24 ",,,,,,
2017,UY ,1135," 89,300.00 ",,,,,,
2017,VE ,1135," 103,744.86 ",,,,,,
2017,VN ,1135," 165,216.51 ",,,,,,
2017,ZA ,1135," 83,286.93 ",,,,,,
2017,ZM ,1135," 122,297.58 ",,,,,,
2017,ZW ,1135," 85,729.15 ",,,,,,
2017,AF ,1136," 5,514,952.11 ",,,,,,
2017,AG ,1136," 29,748.60 ",,,,,,
2017,AM ,1136," 15,165.95 ",,,,,,
2017,AR ,1136," 292,040.00 ",,,,,,
2017,BB ,1136," 5,055.32 ",,,,,,
2017,BD ,1136," 6,647,475.16 ",,,,,,
2017,BF ,1136," 10,986,670.07 ",,,,,,
2017,BI ,1136," 1,869,316.57 ",,,,,,
2017,BJ ,1136," 5,311,275.79 ",,,,,,
2017,BO ,1136," 8,461,015.26 ",,,,,,
2017,BR ,1136," 14,022.99 ",,,,,,
2017,BT ,1136," 53,186.44 ",,,,,,
2017,BW ,1136," 75,225.00 ",,,,,,
2017,BZ ,1136," 148,690.72 ",,,,,,
2017,CA ,1136," 12,923,058.90 ",,,,,,
2017,CD ,1136," 7,847,957.19 ",,,,,,
2017,CF ,1136," 193,458.87 ",,,,,,
2017,CG ,1136," 198,514.19 ",,,,,,
2017,CI ,1136," 2,694,032.83 ",,,,,,
2017,CL ,1136," 1,410,683.22 ",,,,,,
2017,CM ,1136," 2,682,631.64 ",,,,,,
2017,CN ,1136," 29,748.60 ",,,,,,
2017,CO ,1136," 3,545,295.98 ",,,,,,
2017,CR ,1136," 71,383.04 ",,,,,,
2017,CV ,1136," 193,458.87 ",,,,,,
2017,DJ ,1136," 193,458.87 ",,,,,,
2017,DM ,1136," 332,076.99 ",,,,,,
2017,DO ,1136," 610,866.21 ",,,,,,
2017,EC ,1136," 381,017.13 ",,,,,,
2017,EG ,1136," 457,559.15 ",,,,,,
2017,ET ,1136," 9,881,814.96 ",,,,,,
2017,GA ,1136," 193,458.87 ",,,,,,
2017,GD ,1136," 139,435.40 ",,,,,,
2017,GE ,1136," 5,055.32 ",,,,,,
2017,GH ,1136," 14,910,348.95 ",,,,,,
2017,GM ,1136," 64,460.07 ",,,,,,
2017,GN ,1136," 221,262.33 ",,,,,,
2017,GQ ,1136," 193,458.87 ",,,,,,
2017,GT ,1136," 6,518,367.23 ",,,,,,
2017,GW ,1136," 193,458.87 ",,,,,,
2017,GY ,1136," 481,059.74 ",,,,,,
2017,HN ,1136," 4,156,797.65 ",,,,,,
2017,HT ,1136," 16,258,697.64 ",,,,,,
2017,ID ,1136," 3,511,795.84 ",,,,,,
2017,IN ,1136," 2,268,599.41 ",,,,,,
2017,JM ,1136," 718,390.25 ",,,,,,
2017,JO ,1136," 1,096,706.20 ",,,,,,
2017,KE ,1136," 13,744,408.45 ",,,,,,
2017,KG ,1136," 681,975.87 ",,,,,,
2017,KH ,1136," 4,143,940.73 ",,,,,,
2017,KM ,1136," 193,458.87 ",,,,,,
2017,LA ,1136," 893,807.75 ",,,,,,
2017,LB ,1136," 193,458.87 ",,,,,,
2017,LC ,1136," 337,949.59 ",,,,,,
2017,LK ,1136," 918,441.41 ",,,,,,
2017,LR ,1136," 779,257.92 ",,,,,,
2017,LS ,1136," 37,310.90 ",,,,,,
2017,MA ,1136," 305,159.70 ",,,,,,
2017,MG ,1136," 503,567.75 ",,,,,,
2017,ML ,1136," 13,612,740.47 ",,,,,,
2017,MM ,1136," 2,384,717.79 ",,,,,,
2017,MN ,1136," 1,403,129.05 ",,,,,,
2017,MR ,1136," 193,458.87 ",,,,,,
2017,MU ,1136," 193,458.87 ",,,,,,
2017,MW ,1136," 12,221,540.57 ",,,,,,
2017,MX ,1136," 138,614.37 ",,,,,,
2017,MZ ,1136," 4,142,345.69 ",,,,,,
2017,NA ,1136," 21,492.65 ",,,,,,
2017,NE ,1136," 221,262.33 ",,,,,,
2017,NG ,1136," 5,391,428.94 ",,,,,,
2017,NI ,1136," 2,198,822.38 ",,,,,,
2017,NP ,1136," 5,973,899.43 ",,,,,,
2017,PA ,1136," 99,342.19 ",,,,,,
2017,PE ,1136," 8,040,608.99 ",,,,,,
2017,PH ,1136," 3,275,907.15 ",,,,,,
2017,PK ,1136," 6,008,472.57 ",,,,,,
2017,PS ,1136," 1,498,414.97 ",,,,,,
2017,R10,1136," 14,534,516.38 ",,,,,,
2017,R11,1136," 60,414.18 ",,,,,,
2017,R12,1136," 5,871,683.25 ",,,,,,
2017,R20,1136," 14,662,688.67 ",,,,,,
2017,R30,1136," 13,844,469.25 ",,,,,,
2017,R31,1136," 107,710.47 ",,,,,,
2017,R40,1136," 380,573.69 ",,,,,,
2017,R50,1136," 7,654.38 ",,,,,,
2017,R90,1136," 522,230.39 ",,,,,,
2017,RW ,1136," 6,061,738.59 ",,,,,,
2017,SB ,1136," 5,055.32 ",,,,,,
2017,SC ,1136," 193,458.87 ",,,,,,
2017,SL ,1136," 464,285.82 ",,,,,,
2017,SN ,1136," 11,565,718.08 ",,,,,,
2017,SO ,1136," 27,803.46 ",,,,,,
2017,SR ,1136," 71,873.78 ",,,,,,
2017,SS ,1136," 106,308.46 ",,,,,,
2017,ST ,1136," 193,458.87 ",,,,,,
2017,SV ,1136," 495,400.98 ",,,,,,
2017,SZ ,1136," 301,613.37 ",,,,,,
2017,TD ,1136," 193,458.87 ",,,,,,
2017,TG ,1136," 533,807.63 ",,,,,,
2017,TH ,1136," 66,663.29 ",,,,,,
2017,TJ ,1136," 1,097,849.97 ",,,,,,
2017,TN ,1136," 610,647.12 ",,,,,,
2017,TT ,1136," 517,130.33 ",,,,,,
2017,TZ ,1136," 18,160,040.72 ",,,,,,
2017,UA ,1136," 378,942.84 ",,,,,,
2017,UG ,1136," 2,449,923.04 ",,,,,,
2017,UZ ,1136," 5,055.32 ",,,,,,
2017,VC ,1136," 5,055.32 ",,,,,,
2017,VE ,1136," 194,432.00 ",,,,,,
2017,VN ,1136," 3,686,288.77 ",,,,,,
2017,VU ,1136," 193,458.87 ",,,,,,
2017,YE ,1136," 4,860.88 ",,,,,,
2017,ZA ,1136," 1,653,905.10 ",,,,,,
2017,ZM ,1136," 1,343,153.46 ",,,,,,
2017,ZW ,1136," 65,246.74 ",,,,,,
2017,AF ,1137," 15,721,704.11 ",,,,,,
2017,AO ,1137," 1,033,370.00 ",,,,,,
2017,BD ,1137," 735,554.72 ",,,,,,
2017,BF ,1137," 498,480.00 ",,,,,,
2017,BI ,1137," 1,908,465.10 ",,,,,,
2017,CD ,1137," 26,038,879.10 ",,,,,,
2017,CF ,1137," 11,800,336.40 ",,,,,,
2017,CM ,1137," 4,202,929.33 ",,,,,,
2017,CO ,1137," 2,866,203.73 ",,,,,,
2017,CU ,1137," 300,000.00 ",,,,,,
2017,DJ ,1137," 2,192,492.58 ",,,,,,
2017,DO ,1137," 331,479.12 ",,,,,,
2017,DZ ,1137," 499,997.55 ",,,,,,
2017,EC ,1137," 1,340,000.00 ",,,,,,
2017,EG ,1137," 1,000,000.00 ",,,,,,
2017,ER ,1137," 433,125.00 ",,,,,,
2017,ET ,1137," 24,692,886.20 ",,,,,,
2017,FM ,1137," 229,950.00 ",,,,,,
2017,GT ,1137," 380,213.16 ",,,,,,
2017,HN ,1137," 711,692.28 ",,,,,,
2017,HT ,1137," 10,969,360.73 ",,,,,,
2017,IQ ,1137," 60,900,000.00 ",,,,,,
2017,JM ,1137," 331,479.12 ",,,,,,
2017,JO ,1137," 64,322,300.00 ",,,,,,
2017,KE ,1137," 11,906,644.43 ",,,,,,
2017,KI ,1137," 229,950.00 ",,,,,,
2017,KP ,1137," 1,186,027.15 ",,,,,,
2017,LB ,1137," 60,633,200.00 ",,,,,,
2017,LS ,1137," 1,923,370.00 ",,,,,,
2017,LY ,1137," 2,293,022.38 ",,,,,,
2017,MG ,1137," 1,278,355.00 ",,,,,,
2017,MH ,1137," 229,950.00 ",,,,,,
2017,ML ,1137," 5,169,196.20 ",,,,,,
2017,MM ,1137," 2,293,025.08 ",,,,,,
2017,MN ,1137," 270,375.00 ",,,,,,
2017,MR ,1137," 998,477.55 ",,,,,,
2017,MW ,1137," 5,351,055.00 ",,,,,,
2017,MX ,1137," 98,100.00 ",,,,,,
2017,MZ ,1137," 1,609,015.00 ",,,,,,
2017,NA ,1137," 33,370.00 ",,,,,,
2017,NE ,1137," 10,326,374.90 ",,,,,,
2017,NG ,1137," 22,152,858.06 ",,,,,,
2017,NI ,1137," 709,187.28 ",,,,,,
2017,NP ,1137," 199,987.45 ",,,,,,
2017,PG ,1137," 428,385.00 ",,,,,,
2017,PH ,1137," 1,249,999.30 ",,,,,,
2017,PK ,1137," 4,865,049.73 ",,,,,,
2017,PS ,1137," 1,999,983.70 ",,,,,,
2017,R10,1137," 28,008,521.80 ",,,,,,
2017,R20,1137," 15,088,882.08 ",,,,,,
2017,R21,1137," 3,280,000.00 ",,,,,,
2017,R22,1137," 660,000.00 ",,,,,,
2017,R25,1137," 660,000.00 ",,,,,,
2017,R30,1137," 20,787,743.43 ",,,,,,
2017,R40,1137," 2,180,769.70 ",,,,,,
2017,R50,1137," 200,000.00 ",,,,,,
2017,R90,1137," 66,600.00 ",,,,,,
2017,RW ,1137," 1,908,477.55 ",,,,,,
2017,SB ,1137," 229,950.00 ",,,,,,
2017,SD ,1137," 14,104,860.90 ",,,,,,
2017,SO ,1137," 26,565,245.73 ",,,,,,
2017,SS ,1137," 50,408,489.29 ",,,,,,
2017,SV ,1137," 377,708.16 ",,,,,,
2017,SY ,1137," 98,854,300.00 ",,,,,,
2017,SZ ,1137," 1,377,910.00 ",,,,,,
2017,TD ,1137," 6,199,863.28 ",,,,,,
2017,TN ,1137," 400,000.00 ",,,,,,
2017,TR ,1137," 3,500,000.00 ",,,,,,
2017,TZ ,1137," 3,108,491.48 ",,,,,,
2017,UA ,1137," 4,843,010.93 ",,,,,,
2017,UG ,1137," 3,651,430.20 ",,,,,,
2017,YE ,1137," 29,114,989.08 ",,,,,,
2017,ZM ,1137," 33,370.00 ",,,,,,
2017,ZW ,1137," 6,270,260.00 ",,,,,,
2017,R10,1143," 5,994,958.59 ",,,,,,
2017,R11,1143," 189,930.71 ",,,,,,
2017,R12,1143," 4,671,080.59 ",,,,,,
2017,R20,1143," 6,613,726.00 ",,,,,,
2017,R30,1143," 7,646,514.26 ",,,,,,
2017,R31,1143," 1,985,091.30 ",,,,,,
2017,R40,1143," 2,079,908.71 ",,,,,,
2017,R50,1143," 65,732.61 ",,,,,,
2017,R90,1143," 219,423.42 ",,,,,,
2017,R11,1144," 1,263,252.23 ",,,,,,
2017,R12,1144," 17,489,919.28 ",,,,,,
2017,R20,1144," 21,591,791.35 ",,,,,,
2017,R30,1144," 12,897,145.18 ",,,,,,
2017,R31,1144," 9,204,753.18 ",,,,,,
2017,R40,1144," 2,832,223.42 ",,,,,,
2017,R50,1144," 81,086.95 ",,,,,,
2017,R90,1144," 271,576.42 ",,,,,,
2017,AF ,1145," 2,506.68 ",,,,,,
2017,BD ,1145," 403,847.70 ",,,,,,
2017,CI ,1145," 30,384.46 ",,,,,,
2017,CM ,1145," 15,336.47 ",,,,,,
2017,DZ ,1145," 423,648.10 ",,,,,,
2017,ID ,1145," 1,001,955.68 ",,,,,,
2017,IN ,1145," 2,335.00 ",,,,,,
2017,IQ ,1145," 18,068,017.25 ",,,,,,
2017,JM ,1145," 2,255.84 ",,,,,,
2017,JO ,1145," 10,767,279.28 ",,,,,,
2017,KE ,1145," 90,768.89 ",,,,,,
2017,KH ,1145," 100,000.00 ",,,,,,
2017,KV ,1145," 34,043.45 ",,,,,,
2017,LA ,1145," 114,820.00 ",,,,,,
2017,LB ,1145," 7,583,827.48 ",,,,,,
2017,MA ,1145," 329,289.15 ",,,,,,
2017,ML ,1145," 33,839.60 ",,,,,,
2017,MM ,1145," 34,043.45 ",,,,,,
2017,MU ,1145," 28,337.67 ",,,,,,
2017,MY ,1145," 152,585.78 ",,,,,,
2017,NE ,1145," 53,336.47 ",,,,,,
2017,NG ,1145," 33,839.60 ",,,,,,
2017,PH ,1145," 102,763.78 ",,,,,,
2017,R10,1145," 1,727,517.52 ",,,,,,
2017,R11,1145," 116,398.40 ",,,,,,
2017,R30,1145," 3,248,226.10 ",,,,,,
2017,R31,1145," 2,300,909.64 ",,,,,,
2017,R35,1145," 680,765.97 ",,,,,,
2017,R40,1145, 722.28 ,,,,,,
2017,R90,1145," 2,048,190.64 ",,,,,,
2017,SO ,1145," 149,958.00 ",,,,,,
2017,SY ,1145," 239,950.56 ",,,,,,
2017,TN ,1145," 1,175,635.73 ",,,,,,
2017,TR ,1145," 149,614.87 ",,,,,,
2017,TZ ,1145," 163,875.61 ",,,,,,
2017,VN ,1145," 30,088.96 ",,,,,,
2017,AG ,1146," 122,156.20 ",,,,,,
2017,AO ,1146," 15,889.64 ",,,,,,
2017,AR ,1146," 13,619.70 ",,,,,,
2017,AZ ,1146," 96,500.00 ",,,,,,
2017,BB ,1146," 54,739.96 ",,,,,,
2017,BO ,1146," 1,651,107.00 ",,,,,,
2017,BR ,1146," 1,074,088.06 ",,,,,,
2017,BS ,1146," 54,739.96 ",,,,,,
2017,BZ ,1146," 167,664.53 ",,,,,,
2017,CF ,1146," 13,619.70 ",,,,,,
2017,CL ,1146," 57,624.90 ",,,,,,
2017,CM ,1146," 283,000.00 ",,,,,,
2017,CO ,1146," 4,311,976.03 ",,,,,,
2017,CR ,1146," 306,396.12 ",,,,,,
2017,CU ,1146," 46,275.15 ",,,,,,
2017,DJ ,1146," 11,349.75 ",,,,,,
2017,DM ,1146," 8,464.81 ",,,,,,
2017,DO ,1146," 92,669.62 ",,,,,,
2017,EC ,1146," 1,651,107.00 ",,,,,,
2017,GD ,1146," 101,134.43 ",,,,,,
2017,GE ,1146," 96,500.00 ",,,,,,
2017,GH ,1146," 617,453.79 ",,,,,,
2017,GT ,1146," 121,528.11 ",,,,,,
2017,GY ,1146," 829,961.20 ",,,,,,
2017,HN ,1146," 132,877.86 ",,,,,,
2017,HT ,1146," 19,814.56 ",,,,,,
2017,ID ,1146," 126,956.49 ",,,,,,
2017,IQ ,1146," 926,705.18 ",,,,,,
2017,JM ,1146," 236,981.09 ",,,,,,
2017,JO ,1146," 12,845,196.20 ",,,,,,
2017,KM ,1146," 13,619.70 ",,,,,,
2017,KN ,1146," 8,464.81 ",,,,,,
2017,LB ,1146," 283,000.00 ",,,,,,
2017,LC ,1146," 8,464.81 ",,,,,,
2017,LR ,1146," 13,619.70 ",,,,,,
2017,LY ,1146," 735,582.50 ",,,,,,
2017,MD ,1146," 96,500.00 ",,,,,,
2017,ML ,1146," 395,475.26 ",,,,,,
2017,MX ,1146," 472,108.61 ",,,,,,
2017,MY ,1146," 5,372,214.49 ",,,,,,
2017,NA ,1146," 13,619.70 ",,,,,,
2017,NG ,1146," 809,651.14 ",,,,,,
2017,NI ,1146," 66,530.10 ",,,,,,
2017,PA ,1146," 85,153.24 ",,,,,,
2017,PE ,1146," 2,485,704.59 ",,,,,,
2017,PH ,1146," 1,102,705.81 ",,,,,,
2017,PK ,1146," 29,143.78 ",,,,,,
2017,PY ,1146," 1,698,702.94 ",,,,,,
2017,R10,1146," 265,767.37 ",,,,,,
2017,R20,1146," 344,359.57 ",,,,,,
2017,R30,1146," 1,744,046.25 ",,,,,,
2017,R33,1146," 7,354.42 ",,,,,,
2017,R35,1146," 2,503,861.12 ",,,,,,
2017,R40,1146," 92,111.25 ",,,,,,
2017,R90,1146," 6,961,330.23 ",,,,,,
2017,SG ,1146," 144,378.89 ",,,,,,
2017,SL ,1146," 2,073,667.19 ",,,,,,
2017,SN ,1146," 283,000.00 ",,,,,,
2017,SR ,1146," 135,394.72 ",,,,,,
2017,SS ,1146," 11,349.75 ",,,,,,
2017,SV ,1146," 116,410.41 ",,,,,,
2017,TD ,1146," 11,349.75 ",,,,,,
2017,TH ,1146," 71,228.76 ",,,,,,
2017,TR ,1146," 283,000.00 ",,,,,,
2017,TT ,1146," 42,919.97 ",,,,,,
2017,TZ ,1146," 11,349.75 ",,,,,,
2017,UA ,1146," 5,489,728.00 ",,,,,,
2017,UY ,1146," 1,688,248.71 ",,,,,,
2017,VC ,1146," 8,464.81 ",,,,,,
2017,ZA ,1146," 1,330,000.00 ",,,,,,
2017,AF ,1147," 110,000,000.00 ",,,,,,
2017,BD ,1147," 32,585.25 ",,,,,,
2017,BI ,1147," 3,000,000.00 ",,,,,,
2017,BZ ,1147," 153,665.50 ",,,,,,
2017,CO ,1147," 5,716,408.00 ",,,,,,
2017,CY ,1147," 250,000.00 ",,,,,,
2017,GH ,1147, 369.44 ,,,,,,
2017,GT ,1147," 431,653.00 ",,,,,,
2017,HN ,1147," 277,987.50 ",,,,,,
2017,HT ,1147," 10,997,411.00 ",,,,,,
2017,IL ,1147," 66,590.00 ",,,,,,
2017,IQ ,1147," 14,524,446.73 ",,,,,,
2017,LB ,1147," 960,329.00 ",,,,,,
2017,LK ,1147," 349,844.70 ",,,,,,
2017,LR ,1147," 1,000,000.00 ",,,,,,
2017,LY ,1147," 1,500,000.00 ",,,,,,
2017,ML ,1147," 4,876,674.04 ",,,,,,
2017,MM ,1147," 4,159,655.05 ",,,,,,
2017,NP ,1147," 42,005.50 ",,,,,,
2017,PH ,1147," 646,426.71 ",,,,,,
2017,PS ,1147," 269,590.00 ",,,,,,
2017,R10,1147," 7,504,415.06 ",,,,,,
2017,R11,1147," 72,162.12 ",,,,,,
2017,R12,1147," 144,324.24 ",,,,,,
2017,R20,1147," 4,267,451.83 ",,,,,,
2017,R30,1147," 4,741,938.56 ",,,,,,
2017,R31,1147,-941.41 ,,,,,,
2017,R35,1147," 186,418.81 ",,,,,,
2017,R40,1147," 4,778,019.62 ",,,,,,
2017,R50,1147," 741,415.01 ",,,,,,
2017,R90,1147," 970,628.49 ",,,,,,
2017,RU ,1147," 177,111.00 ",,,,,,
2017,SS ,1147," 1,085,078.98 ",,,,,,
2017,SV ,1147," 192,801.00 ",,,,,,
2017,SY ,1147," 16,711,004.92 ",,,,,,
2017,TN ,1147," 74,590.75 ",,,,,,
2017,TZ ,1147, 369.44 ,,,,,,
2017,UA ,1147," 6,120,266.31 ",,,,,,
2017,VE ,1147," 83,940.00 ",,,,,,
2017,YE ,1147," 143,719.70 ",,,,,,
2017,AG ,1148," 30,734.00 ",,,,,,
2017,AR ,1148," 45,566.16 ",,,,,,
2017,BB ,1148," 375,562.96 ",,,,,,
2017,BO ,1148," 14,700.00 ",,,,,,
2017,BR ,1148," 93,492.36 ",,,,,,
2017,BS ,1148," 122,760.59 ",,,,,,
2017,BZ ,1148," 252,806.64 ",,,,,,
2017,CL ,1148," 50,566.16 ",,,,,,
2017,CO ,1148," 54,904.74 ",,,,,,
2017,CR ,1148," 883,104.78 ",,,,,,
2017,CU ,1148," 511,071.18 ",,,,,,
2017,DM ,1148," 14,700.00 ",,,,,,
2017,DO ,1148," 318,616.22 ",,,,,,
2017,EC ,1148," 48,181.33 ",,,,,,
2017,GD ,1148," 93,957.00 ",,,,,,
2017,GT ,1148," 173,843.55 ",,,,,,
2017,GY ,1148," 405,587.01 ",,,,,,
2017,HN ,1148," 615,695.03 ",,,,,,
2017,HT ,1148," 30,734.00 ",,,,,,
2017,JM ,1148," 771,845.77 ",,,,,,
2017,KN ,1148," 25,884.00 ",,,,,,
2017,LC ,1148," 122,760.59 ",,,,,,
2017,MX ,1148," 345,451.06 ",,,,,,
2017,NI ,1148," 144,978.59 ",,,,,,
2017,PA ,1148," 611,595.99 ",,,,,,
2017,PE ,1148," 53,193.24 ",,,,,,
2017,PH ,1148," 422,694.22 ",,,,,,
2017,PY ,1148," 45,666.16 ",,,,,,
2017,R20,1148," 2,857,933.31 ",,,,,,
2017,R21,1148," 938,245.01 ",,,,,,
2017,R22,1148," 585,444.95 ",,,,,,
2017,R25,1148," 1,703,777.95 ",,,,,,
2017,R90,1148," 235,197.60 ",,,,,,
2017,SR ,1148," 45,716.16 ",,,,,,
2017,SV ,1148," 527,136.06 ",,,,,,
2017,TT ,1148," 734,583.79 ",,,,,,
2017,UY ,1148," 14,750.00 ",,,,,,
2017,VC ,1148," 14,750.00 ",,,,,,
2017,CN ,1150," 2,400.00 ",,,,,,
2017,IQ ,1151," 18,721.00 ",,,,,,
2017,R10,1151," 963,565.71 ",,,,,,
2017,R11,1151," 385,069.77 ",,,,,,
2017,R12,1151," 2,064,457.54 ",,,,,,
2017,R20,1151," 3,938,738.09 ",,,,,,
2017,R30,1151," 7,387,963.58 ",,,,,,
2017,R31,1151," 3,977,415.01 ",,,,,,
2017,R40,1151," 11,848,129.20 ",,,,,,
2017,R50,1151," 842,022.22 ",,,,,,
2017,R90,1151," 510,927.12 ",,,,,,
2017,BR ,1153," 135,720.00 ",,,,,,
2017,CA ,1153," 265,073.00 ",,,,,,
2017,CN ,1153," 171,641.00 ",,,,,,
2017,R10,1153," 12,275.70 ",,,,,,
2017,R20,1153," 7,957,316.57 ",,,,,,
2017,R30,1153," 84,926.15 ",,,,,,
2017,R40,1153," 12,275.70 ",,,,,,
2017,R90,1153," 473,013.80 ",,,,,,
2017,CL ,1154," 250,000.00 ",,,,,,
2017,AG ,1155," 4,123.01 ",,,,,,
2017,R10,1155," 1,646.39 ",,,,,,
2017,R20,1155, 145.83 ,,,,,,
2017,R22,1155," 4,114.49 ",,,,,,
2017,R30,1155," 13,883.98 ",,,,,,
2017,R31,1155," 1,354.72 ",,,,,,
2017,R40,1155," 1,233.19 ",,,,,,
2017,BD ,1156," 12,018.00 ",,,,,,
2017,CN ,1156," 10,152.00 ",,,,,,
2017,CO ,1156, 708.00 ,,,,,,
2017,JM ,1156, 708.00 ,,,,,,
2017,KZ ,1156," 4,889.00 ",,,,,,
2017,R10,1156," 1,151.00 ",,,,,,
2017,R35,1156," 10,241.00 ",,,,,,
2017,R90,1156," 158,780.00 ",,,,,,
2017,SN ,1156," 1,151.00 ",,,,,,
2017,R90,1164," 397,896,686.00 ",,,,,,
2017,R90,1165," 208,241,466.12 ",,,,,,
2017,R90,1166," 19,403,306.45 ",,,,,,
2017,R10,1167," 11,100,266.53 ",,,,,,
2017,R20,1167," 5,652,134.64 ",,,,,,
2017,R30,1167," 55,283,420.62 ",,,,,,
2017,R40,1167," 660,690.73 ",,,,,,
2017,R50,1167," 19,208.05 ",,,,,,
2017,KZ ,1169," 16,280.00 ",,,,,,
2017,MX ,1169," 31,220.00 ",,,,,,
2017,MY ,1169," 23,650.00 ",,,,,,
2017,R10,1169," 104,670.00 ",,,,,,
2017,R20,1169," 149,970.00 ",,,,,,
2017,R90,1169," 1,495,600.00 ",,,,,,
2017,R10,1170," 7,952.00 ",,,,,,
2017,GN ,1171," 11,457.00 ",,,,,,
2017,R10,1171," 251,365.51 ",,,,,,
2017,R20,1171," 314,895.12 ",,,,,,
2017,R25,1171," 451,000.00 ",,,,,,
2017,R90,1171," 10,820.00 ",,,,,,
2017,R10,1172," 10,015,260.67 ",,,,,,
2017,R11,1172," 1,203,128.62 ",,,,,,
2017,R12,1172," 29,589,267.75 ",,,,,,
2017,R20,1172," 13,965,011.66 ",,,,,,
2017,R30,1172," 20,002,939.90 ",,,,,,
2017,R31,1172," 12,574,691.65 ",,,,,,
2017,R40,1172," 5,153,914.53 ",,,,,,
2017,R50,1172," 416,387.53 ",,,,,,
2017,R90,1172," 2,433,117.76 ",,,,,,
2017,IN ,1200," 387,710.00 ",,,,,,
2017,PH ,1201," 71,100.00 ",,,,,,
2017,R10,41138," 12,000.00 ",,,,,,
2017,R20,41138," 12,000.00 ",,,,,,
2017,R30,41138," 12,000.00 ",,,,,,
2017,R40,41138," 12,000.00 ",,,,,,
2017,R50,41138," 12,000.00 ",,,,,,
2017,R10,41301," 2,382,544.29 ",,,,,,
2017,R20,41301," 2,382,544.29 ",,,,,,
2017,R30,41301," 2,382,544.29 ",,,,,,
2017,R40,41301," 2,382,544.29 ",,,,,,
2017,AF ,41302," 27,713.76 ",,,,,,
2017,AG ,41302," 3,171.18 ",,,,,,
2017,AL ,41302," 9,869.78 ",,,,,,
2017,AM ,41302," 4,067.52 ",,,,,,
2017,AO ,41302," 18,005.19 ",,,,,,
2017,AR ,41302," 53,028.23 ",,,,,,
2017,AZ ,41302," 5,707.53 ",,,,,,
2017,BA ,41302," 8,200.42 ",,,,,,
2017,BD ,41302," 47,719.28 ",,,,,,
2017,BF ,41302," 14,414.63 ",,,,,,
2017,BI ,41302," 5,310.44 ",,,,,,
2017,BJ ,41302," 8,858.65 ",,,,,,
2017,BO ,41302," 16,909.01 ",,,,,,
2017,BR ,41302," 72,820.91 ",,,,,,
2017,BW ,41302," 17,968.05 ",,,,,,
2017,BY ,41302," 1,018.92 ",,,,,,
2017,BZ ,41302," 3,003.65 ",,,,,,
2017,CD ,41302," 20,051.58 ",,,,,,
2017,CF ,41302," 8,976.78 ",,,,,,
2017,CG ,41302," 7,230.16 ",,,,,,
2017,CI ,41302," 48,683.23 ",,,,,,
2017,CL ,41302," 35,414.56 ",,,,,,
2017,CM ,41302," 40,575.67 ",,,,,,
2017,CN ,41302," 57,995.81 ",,,,,,
2017,CO ,41302," 17,913.81 ",,,,,,
2017,CR ,41302," 20,806.40 ",,,,,,
2017,CU ,41302, 524.13 ,,,,,,
2017,CV ,41302," 10,297.70 ",,,,,,
2017,DJ ,41302," 3,946.05 ",,,,,,
2017,DM ,41302," 3,003.65 ",,,,,,
2017,DO ,41302," 10,327.05 ",,,,,,
2017,DZ ,41302," 10,955.56 ",,,,,,
2017,EC ,41302," 14,867.82 ",,,,,,
2017,EG ,41302," 37,499.95 ",,,,,,
2017,ER ,41302," 7,915.14 ",,,,,,
2017,ET ,41302," 17,463.23 ",,,,,,
2017,FJ ,41302," 9,263.55 ",,,,,,
2017,GA ,41302," 6,744.29 ",,,,,,
2017,GD ,41302," 3,175.64 ",,,,,,
2017,GE ,41302, 966.18 ,,,,,,
2017,GH ,41302," 12,871.20 ",,,,,,
2017,GM ,41302," 10,569.61 ",,,,,,
2017,GN ,41302," 23,468.67 ",,,,,,
2017,GQ ,41302," 5,392.16 ",,,,,,
2017,GT ,41302," 16,383.76 ",,,,,,
2017,GW ,41302," 8,412.53 ",,,,,,
2017,GY ,41302," 3,898.13 ",,,,,,
2017,HN ,41302," 10,880.90 ",,,,,,
2017,HT ,41302," 12,874.17 ",,,,,,
2017,ID ,41302," 30,809.53 ",,,,,,
2017,IN ,41302," 59,375.79 ",,,,,,
2017,IQ ,41302," 13,980.39 ",,,,,,
2017,IR ,41302," 3,489.90 ",,,,,,
2017,JM ,41302," 3,132.18 ",,,,,,
2017,JO ,41302," 51,263.41 ",,,,,,
2017,KE ,41302," 15,184.67 ",,,,,,
2017,KG ,41302," 6,770.29 ",,,,,,
2017,KH ,41302," 19,633.69 ",,,,,,
2017,KI ,41302," 4,145.90 ",,,,,,
2017,KM ,41302," 9,188.14 ",,,,,,
2017,KZ ,41302," 4,147.02 ",,,,,,
2017,LA ,41302," 9,224.55 ",,,,,,
2017,LB ,41302," 47,949.21 ",,,,,,
2017,LC ,41302," 3,637.37 ",,,,,,
2017,LK ,41302," 33,016.02 ",,,,,,
2017,LR ,41302," 12,662.07 ",,,,,,
2017,LS ,41302," 17,658.99 ",,,,,,
2017,LY ,41302," 1,603.98 ",,,,,,
2017,MA ,41302," 16,003.75 ",,,,,,
2017,MD ,41302," 6,126.91 ",,,,,,
2017,ME ,41302," 2,329.45 ",,,,,,
2017,MG ,41302," 41,757.67 ",,,,,,
2017,MH ,41302," 4,337.95 ",,,,,,
2017,MK ,41302," 3,256.25 ",,,,,,
2017,ML ,41302," 10,843.75 ",,,,,,
2017,MM ,41302," 47,346.70 ",,,,,,
2017,MN ,41302," 29,431.03 ",,,,,,
2017,MR ,41302," 12,852.26 ",,,,,,
2017,MS ,41302," 3,003.65 ",,,,,,
2017,MU ,41302," 5,360.59 ",,,,,,
2017,MV ,41302," 2,395.57 ",,,,,,
2017,MW ,41302," 22,946.03 ",,,,,,
2017,MX ,41302," 59,025.50 ",,,,,,
2017,MY ,41302," 7,956.37 ",,,,,,
2017,MZ ,41302," 17,792.72 ",,,,,,
2017,NA ,41302," 16,551.66 ",,,,,,
2017,NE ,41302," 27,367.55 ",,,,,,
2017,NG ,41302," 19,209.85 ",,,,,,
2017,NI ,41302," 15,255.99 ",,,,,,
2017,NP ,41302," 28,889.81 ",,,,,,
2017,PA ,41302," 9,061.47 ",,,,,,
2017,PE ,41302," 17,865.52 ",,,,,,
2017,PG ,41302," 4,382.89 ",,,,,,
2017,PH ,41302," 55,780.77 ",,,,,,
2017,PK ,41302," 50,300.21 ",,,,,,
2017,PS ,41302," 36,738.45 ",,,,,,
2017,PY ,41302," 29,041.37 ",,,,,,
2017,R10,41302," 378,298.14 ",,,,,,
2017,R11,41302," 26,882.05 ",,,,,,
2017,R12,41302," 236,022.15 ",,,,,,
2017,R20,41302," 343,804.06 ",,,,,,
2017,R21,41302," 187,857.49 ",,,,,,
2017,R22,41302," 113,635.05 ",,,,,,
2017,R30,41302," 186,532.11 ",,,,,,
2017,R31,41302," 183,886.92 ",,,,,,
2017,R32,41302," 197,996.95 ",,,,,,
2017,R33,41302, 26.37 ,,,,,,
2017,R34,41302," 4,668.55 ",,,,,,
2017,R35,41302," 86,306.51 ",,,,,,
2017,R40,41302," 123,911.21 ",,,,,,
2017,R50,41302," 269,788.90 ",,,,,,
2017,R90,41302," 4,256,308.71 ",,,,,,
2017,RS ,41302," 4,001.40 ",,,,,,
2017,RW ,41302," 15,584.37 ",,,,,,
2017,SB ,41302," 5,902.18 ",,,,,,
2017,SC ,41302," 4,524.05 ",,,,,,
2017,SD ,41302," 10,652.82 ",,,,,,
2017,SL ,41302," 11,836.68 ",,,,,,
2017,SN ,41302," 26,257.62 ",,,,,,
2017,SO ,41302," 4,043.01 ",,,,,,
2017,SR ,41302," 3,394.43 ",,,,,,
2017,SS ,41302, 593.60 ,,,,,,
2017,ST ,41302," 6,561.53 ",,,,,,
2017,SV ,41302," 26,934.05 ",,,,,,
2017,SY ,41302," 7,603.48 ",,,,,,
2017,SZ ,41302," 17,395.25 ",,,,,,
2017,TD ,41302," 7,596.05 ",,,,,,
2017,TG ,41302," 11,771.67 ",,,,,,
2017,TH ,41302," 5,100.56 ",,,,,,
2017,TJ ,41302," 2,720.97 ",,,,,,
2017,TL ,41302," 20,974.67 ",,,,,,
2017,TM ,41302, 210.62 ,,,,,,
2017,TN ,41302," 18,803.47 ",,,,,,
2017,TR ,41302," 32,887.50 ",,,,,,
2017,TV ,41302," 3,898.88 ",,,,,,
2017,TZ ,41302," 30,639.03 ",,,,,,
2017,UA ,41302," 9,407.68 ",,,,,,
2017,UG ,41302," 13,497.12 ",,,,,,
2017,UY ,41302," 24,010.27 ",,,,,,
2017,UZ ,41302," 16,814.28 ",,,,,,
2017,VC ,41302," 6,675.19 ",,,,,,
2017,VE ,41302," 9,199.29 ",,,,,,
2017,VN ,41302," 34,429.44 ",,,,,,
2017,VU ,41302," 4,263.65 ",,,,,,
2017,WS ,41302," 5,486.51 ",,,,,,
2017,YE ,41302," 9,944.07 ",,,,,,
2017,ZA ,41302," 43,023.98 ",,,,,,
2017,ZM ,41302," 25,630.22 ",,,,,,
2017,ZW ,41302," 56,110.26 ",,,,,,
2017,R10,41304," 1,738,659.21 ",,,,,,
2017,R20,41304," 1,738,659.21 ",,,,,,
2017,R30,41304," 1,738,659.21 ",,,,,,
2017,R40,41304," 1,738,659.21 ",,,,,,
2017,R10,41305," 4,360,776.90 ",,,,,,
2017,R20,41305," 4,360,776.90 ",,,,,,
2017,R30,41305," 4,360,776.90 ",,,,,,
2017,R40,41305," 4,360,776.90 ",,,,,,
2017,R10,41308," 4,532.23 ",,,,,,
2017,R20,41308," 4,532.23 ",,,,,,
2017,R30,41308," 4,532.23 ",,,,,,
2017,R40,41308," 4,532.23 ",,,,,,
2017,CD ,41310," 5,457,472.58 ",,,,,,
2017,CF ,41310," 5,106,938.46 ",,,,,,
2017,CI ,41310," 739,196.16 ",,,,,,
2017,EH ,41310," 228,708.44 ",,,,,,
2017,HT ,41310," 1,371,892.18 ",,,,,,
2017,KV ,41310," 174,683.96 ",,,,,,
2017,LB ,41310," 2,713,771.89 ",,,,,,
2017,LR ,41310," 943,952.22 ",,,,,,
2017,ML ,41310," 5,868,715.75 ",,,,,,
2017,SD ,41310," 12,820,965.00 ",,,,,,
2017,R10,41316," 118,285.31 ",,,,,,
2017,R20,41316," 118,285.31 ",,,,,,
2017,R30,41316," 118,285.31 ",,,,,,
2017,R40,41316," 118,285.31 ",,,,,,
2017,R20,47061," 4,154,657.53 ",,,,,,
2017,R20,47079," 11,535,397.99 ",,,,,,
2017,R20,47083," 13,781,627.45 ",,,,,,
2017,AL ,47131," 208,373.27 ",,,,,,
2017,AM ,47131," 212,986.21 ",,,,,,
2017,BA ,47131," 819,871.14 ",,,,,,
2017,KG ,47131," 477,578.37 ",,,,,,
2017,KV ,47131," 1,281,809.67 ",,,,,,
2017,KZ ,47131," 153,811.43 ",,,,,,
2017,MD ,47131," 156,694.34 ",,,,,,
2017,ME ,47131," 149,126.36 ",,,,,,
2017,MK ,47131," 455,668.33 ",,,,,,
2017,R90,47131," 2,653,943.58 ",,,,,,
2017,RS ,47131," 458,046.64 ",,,,,,
2017,TJ ,47131," 510,086.35 ",,,,,,
2017,TM ,47131," 114,241.36 ",,,,,,
2017,UA ,47131," 250,465.97 ",,,,,,
2017,UZ ,47131," 151,072.42 ",,,,,,
2017,R10,1049,"-125,000.00 ",,,,,,
2017,LK ,1016,"-4,263,029.67 ",,,,,,
2017,DZ ,1016,"-1,672,813.29 ",,,,,,
2017,ID ,1016,"-10,310,317.26 ",,,,,,
2017,EG ,1016,"-1,761,590.80 ",,,,,,
2017,TH ,1016,"-674,620.42 ",,,,,,
2017,PH ,1016,"-97,159.28 ",,,,,,
2017,MA ,1016,"-384,919.96 ",,,,,,
2017,MT ,1016,"-25,000.00 ",,,,,,
2017,GT ,1016,"-100,000.00 ",,,,,,
2017,R22,1049,"-125,000.00 ",,,,,,
2017,TN ,1016,"-3,295,729.02 ",,,,,,
2017,MY ,1016,"-62,934.96 ",,,,,,
2017,R21,1049,"-76,500.00 ",,,,,,
2017,AR ,1016,"-18,666.68 ",,,,,,
2017,BO ,1016,"-42,395.06 ",,,,,,
2017,CO ,1016,"-26,307.94 ",,,,,,
2017,DO ,1016,"-236,045.26 ",,,,,,
2017,EC ,1016,"-304,928.90 ",,,,,,
2017,MX ,1016,"-2,771.40 ",,,,,,
2017,PY ,1016,"-19,996.02 ",,,,,,
2017,PE ,1016,"-3,728.60 ",,,,,,
2017,DZ ,1055,"-130,000.00 ",,,,,,
2017,CN ,1055,"-17,709,492.46 ",,,,,,
2017,EG ,1055,"-350,718.52 ",,,,,,
2017,ID ,1055, -   ,,,,,,
2017,IN ,1055,"-241,399.56 ",,,,,,
2017,JM ,1055,"-243,343.43 ",,,,,,
2017,MA ,1055,"-2,724,188.01 ",,,,,,
2017,TR ,1055,"-3,627,367.31 ",,,,,,
